Crag,Area,Route Name,Grade,Length
Battleship Back Cliff,Left,Pol Pot Had the Lot,6b,28
Battleship Back Cliff,Left,Sex Cauldron,7b,28
Battleship Back Cliff,Left,Even Better than the Beatles,7b,28
Battleship Back Cliff,Left,Arc of a Fridge,7b,28
Battleship Back Cliff,Left,Dreams Burn Down,7a+,28
Battleship Back Cliff,Left,Nihil,7b,28
Battleship Back Cliff,Left,No Man Is an Island,6c,28
Battleship Back Cliff,Left,Always Have the Edge,6c,28
Battleship Back Cliff,Left,Pump Hitler,7a+,28
Battleship Back Cliff,Left,Buoys Will Be Buoys,6b+,28
Battleship Back Cliff,Left,Shape Shifter,7c,28
Battleship Back Cliff,Left,Jurassic Shift,7a,28
Battleship Back Cliff,Left,The Fun Factory,7b,28
Battleship Back Cliff,Left,Info Freako,7b+,28
Battleship Back Cliff,Left,Rave Mission,7b+,28
Battleship Back Cliff,Left,Trance Mission,7c,28
Battleship Back Cliff,Left,The Racing Line,7b+,28
Battleship Back Cliff,Left,Zinc Oxide Mountain,7b+,28
Battleship Back Cliff,Left,Bending the Rules,7b+,28
Battleship Back Cliff,Right,Lost Army Expedition,6c+,16
Battleship Back Cliff,Right,Scapa Flow,6c+,19
Battleship Back Cliff,Right,Koenig Class,7a+,19
Battleship Back Cliff,Right,Raise the Titanic,6b+,19
Battleship Back Cliff,Right,The Price of Silence,6a,19
Battleship Back Cliff,Right,Wave Dodging,7a,19
Battleship Back Cliff,Right,Sink the Bismarck,6c,19
Battleship Back Cliff,Right,Big Fish,7a,19
Battleship Back Cliff,Right,Wiggi Direct,6c+,19
Battleship Back Cliff,Right,Wiggi and Mopoke's Excellent New Hilti,5c,19
Battleship Back Cliff,Right,A Dream of White Porsches,5c,16
Battleship Back Cliff,Right,The Sound of One Hold Snapping,6b+,16
Battleship Back Cliff,Right,Electrically-Injected Shed Head,6b+,16
Battleship Back Cliff,Right,Splat the Cat,6c+,10
Battleship Back Cliff,Right,Shallow End of the Gene Pool,6c,8
Battleship Back Cliff,Right,High Hopes,6c,8
Battleship Back Cliff,Right,Pura Vida,5a,14
Battleship Back Cliff,Right,Wish We Were in Santorini,3b,14
Battleship Back Cliff,Right,Project 'A',7a,14
Battleship Back Cliff,Right,Searing Tunnel of Re-injury,6b,15
Battleship Back Cliff,Right,The Cones of Stress,7a+,15
Battleship Back Cliff,Right,Psychic EMF,7a+,15
Battleship Back Cliff,Right,God Told Me to Skin You Alive,6c+,12
Battleship Back Cliff,Right,Roadkill on the Information Superhighway,6b,11
Battleship Back Cliff,Right,Error 404,6a+,7
Battleship Back Cliff,Right,Superfast,6c,7
Battleship Back Cliff,Right,Megahurts,6c+,7
Battleship Back Cliff,Right,Terrorbyte,6b+,7
Battleship Back Cliff,The Attic and The Balcony,Unload the Funbags,6b+,7
Battleship Back Cliff,The Attic and The Balcony,It's all a Bunch of Tree Hugging Hippie Crap,5c,7
Battleship Back Cliff,The Attic and The Balcony,Jurassic Bark,6c+,7
Battleship Back Cliff,The Attic and The Balcony,High Flyer,6b,7
Battleship Back Cliff,The Attic and The Balcony,Lola,5a,7
Battleship Back Cliff,The Attic and The Balcony,Pretty Flamingo,6a+,7
Battleship Back Cliff,The Attic and The Balcony,A Groovy Kind of Love,6c,7
Battleship Back Cliff,The Attic and The Balcony,Itchycoo Park,6c+,7
Battleship Back Cliff,The Attic and The Balcony,Spear of Destiny,5c,7
Battleship Back Cliff,The Attic and The Balcony,Spear of Broccoli,5c,7
Battleship Back Cliff,The Attic and The Balcony,Heart of the Sun,6a,7
Battleship Back Cliff,The Block,U-143,HVS 5a,10
Battleship Back Cliff,The Block,Coming Unstuck,6a+,10
Battleship Back Cliff,The Block,Block 1,VD,10
Battleship Back Cliff,The Block,Block 2,D,10
Battleship Back Cliff,The Block,Block 3,VD,10
Battleship Back Cliff,The Block,Braer Rabbit,4b,10
Battleship Back Cliff,The Block,This is This,5a,10
Battleship Back Cliff,The Block,"Wake Up, Time to Die",6b,10
Battleship Back Cliff,The Block,No Smears Here,6a+,10
Battleship Back Cliff,The Block,Block 4,S 4a,10
Battleship Back Cliff,The Block,Block 5,HS 4a,10
Battleship Back Cliff,The Block,Like a Drowning Man,4b,10
Battleship Back Cliff,The Block,Hang Onto Your Ego,6b,10
Battleship Back Cliff,The Block,She's Going Down,6b+,10
Battleship Back Cliff,The Block,Listing Badly,6c+,10
Battleship Back Cliff,The Block,I'm Doing it Anyway,4a,10
Battleship Back Cliff,The Block,Hate the Sin and Love the Sinner,5c,10
Battleship Back Cliff,The Block Slab - Seaward Face,The Banishment of Eve,VS 5a,7
Battleship Back Cliff,The Block Slab - Seaward Face,Another Stone on the Pile of Choss,7a,7
Battleship Back Cliff,The Block Slab - Seaward Face,Welcome to the Gravity Program,6c,7
Battleship Back Cliff,The Block Slab - Seaward Face,The Trouser Incident,HVS 5a,7
Battleship Back Cliff,The Block Slab - Seaward Face,Diamonds and Rust,6b,7
Battleship Back Cliff,The Block Slab - Seaward Face,Reach Out,5b,7
Battleship Back Cliff,The Block Slab - Seaward Face,She's Dancing Tonight,5a,7
Battleship Back Cliff,The Block Slab - Seaward Face,Small is Beautiful,6b,7
Battleship Back Cliff,The Block Slab - Seaward Face,Tiny Goddess,5c,7
Battleship Back Cliff,The Veranda,Lazy Robs and Frightful Lobs,5c,10
Battleship Back Cliff,The Veranda,Dr. Sole and Mr. Sole,3c,10
Battleship Back Cliff,The Veranda,Never Lead a Numb Existence,4a,10
Battleship Back Cliff,The Veranda,Phil's Route,4a,10
Battleship Back Cliff,The Veranda,Days of Heaven,4c,10
Battleship Back Cliff,The Veranda,Love on the Rocks ;),5a,10
Battleship Back Cliff,The Veranda,"Absent Friends, Here's to Them",5c,10
Battleship Back Cliff,The Veranda,Poppsywopsy,5b,10
Battleship Back Cliff,The Veranda,Limestone Cowboy,4c,10
Battleship Back Cliff,The Veranda,One Flew Out of the Cuckoo's Nest,5c,10
Battleship Back Cliff,The Veranda,When You Were Little You Dreamed You Were Big,6b+,10
Battleship Back Cliff,The Veranda,Hanging Out with Halo Jones,6a,10
Battleship Back Cliff,The Veranda,I Get High with a Little Help from My Friends,5a,10
Battleship Back Cliff,The Veranda,Cat Juggling,4c,10
Battleship Back Cliff,The Veranda,Thin on Top,6b+,10
Battleship Back Cliff,The Veranda,Samphire and Steel,5a,10
Battleship Back Cliff,The Veranda,"More Soap, Less Shampoo",4c,10
Battleship Back Cliff,The Veranda,Veranda Block Left Arête,f4+,10
Battleship Back Cliff,The Veranda,Veranda Block Right Arête,f5,10
Battleship Back Cliff,The Annex,Some You Win ,4c,15
Battleship Back Cliff,The Annex,Sundowner,6a,15
Battleship Back Cliff,The Annex,Boot Full of Blood,6a,15
Battleship Back Cliff,The Annex,A Dream Too Far,6a,15
Battleship Back Cliff,The Annex,Beauty After All,6a+,15
Battleship Back Cliff,The Annex,Happy,5b,15
Battleship Back Cliff,The Annex,Crimpessential,6a+,15
Battleship Back Cliff,The Annex,"Tickety-Tock, Get Up The Rock",6a,15
Battleship Back Cliff,The Annex,First of Many,5c,15
Battleship Back Cliff,Brontosaurus Wall,A Compromise That Satisfies Nobody,3b,6
Battleship Back Cliff,Brontosaurus Wall,"Dust, Sweat and Beers",4a,6
Battleship Back Cliff,Brontosaurus Wall,Cosmic Brontosaurus,5a,6
Battleship Back Cliff,Brontosaurus Wall,Cheers Neil,5b,6
Battleship Back Cliff,Brontosaurus Wall,Inverted Goat,5b,6
Battleship Back Cliff,Brontosaurus Wall,Bucking Bronto,4b,6
Battleship Edge,Drive a Car Area,Another Trojan Horse,6b+,15
Battleship Edge,Drive a Car Area,The Black Pariah,7a,15
Battleship Edge,Drive a Car Area,The Misanthrope,7b+,15
Battleship Edge,Drive a Car Area,Silage Clamp,7a+,15
Battleship Edge,Drive a Car Area,The Sheer Weight of Prague,VS 4c,15
Battleship Edge,Drive a Car Area,Kicking Steps,E1 5b,15
Battleship Edge,Drive a Car Area,Kicking Steps Again,6a,15
Battleship Edge,Drive a Car Area,Never Drive a Car When You're Dead,6a,15
Battleship Edge,Drive a Car Area,Wind in the Riggin',6c,15
Battleship Edge,Drive a Car Area,Bawdy House,7a,15
Battleship Edge,Drive a Car Area,The Ghost of Saturday Night,5c,15
Battleship Edge,Drive a Car Area,Sugar 'n' Spikes,E1 5a,15
Battleship Edge,Drive a Car Area,Borstal Breakout,6c,15
Battleship Edge,Drive a Car Area,Stripped for Action,E1 5b,15
Battleship Edge,Drive a Car Area,The Kane Mutiny,6b,15
Battleship Edge,Drive a Car Area,The Best Men,6c+,15
Battleship Edge,Drive a Car Area,Citizen Dust,6a+,15
Battleship Edge,Drive a Car Area,Eyes in Your Navel Nigel,6b+,15
Battleship Edge,Victims of Fashion Area,Bilboes,7a,17
Battleship Edge,Victims of Fashion Area,Keyboard Wall,7c,17
Battleship Edge,Victims of Fashion Area,The Dorset Gecko,7b+,17
Battleship Edge,Victims of Fashion Area,Choco Loni,7b,17
Battleship Edge,Victims of Fashion Area,Masticated Jam Sandwhich,7b+,17
Battleship Edge,Victims of Fashion Area,Wurlitzer Jukebox,7a+,17
Battleship Edge,Victims of Fashion Area,Evening Falls,6a+,17
Battleship Edge,Victims of Fashion Area,Evening Falls Direct,6c,17
Battleship Edge,Victims of Fashion Area,Victims of Fashion,7a+,17
Battleship Edge,Victims of Fashion Area,Barbed Wire Kisses,7a+,17
Battleship Edge,Victims of Fashion Area,Monoculture,8a,17
Battleship Edge,Victims of Fashion Area,Reve d'un Corbeau,7a,17
Battleship Edge,Victims of Fashion Area,Clouds Hill,6b,17
Battleship Edge,Victims of Fashion Area,Lazy Days and Summer Haze,6a+,17
Battleship Edge,Victims of Fashion Area,Norfolk Coast,7a+,15
Battleship Edge,Victims of Fashion Area,Pinch an Inch,6a,15
Battleship Edge,Victims of Fashion Area,Inchworm,6a+,15
Battleship Edge,Victims of Fashion Area,"Inch Perfect, Inchworm",6b+,15
Battleship Edge,Victims of Fashion Area,Serious Music,6c+,15
Battleship Edge,Victims of Fashion Area,Margaret on the Guillotine,6a,15
Battleship Edge,Victims of Fashion Area,Gratuitous Lies Here,6c+,15
Battleship Edge,Victims of Fashion Area,Keel Haul,7b,15
Battleship Edge,Victims of Fashion Area,"Out of Reach, Out of Mind",6c,15
Battleship Edge,Victims of Fashion Area,No me Comas el Coco,7a,15
Battleship Edge,Victims of Fashion Area,"Come, Armageddon, Come",6c+,15
Battleship Edge,Victims of Fashion Area,Defcon One,6c+,15
Battleship Edge,Victims of Fashion Area,The Positive Variant,6b+,15
Battleship Edge,Humanoid Area,Blood Simple,7a,15
Battleship Edge,Humanoid Area,Eighth Wonder,6b,15
Battleship Edge,Humanoid Area,The Barton Fink,7b,15
Battleship Edge,Humanoid Area,Hipnition,7a,15
Battleship Edge,Humanoid Area,Master of Ape Science,7a+,15
Battleship Edge,Humanoid Area,A Taste of Honey,7a+,15
Battleship Edge,Humanoid Area,Dripping with Blood,6c+,15
Battleship Edge,Humanoid Area,Sweeter than Honey (Link Up),6a,15
Battleship Edge,Humanoid Area,Making Smiles (Link up),5c,15
Battleship Edge,Humanoid Area,Skateboard to Oblivion,5c,15
Battleship Edge,Humanoid Area,Maud in Memoria,6c+,15
Battleship Edge,Humanoid Area,On the Wall,7a+,15
Battleship Edge,Humanoid Area,Trance Dance,7a,15
Battleship Edge,Humanoid Area,Art For Art's Sake,7a+,15
Battleship Edge,Humanoid Area,Judge Jeffreys,6c,15
Battleship Edge,Humanoid Area,Humanoid,7a+,15
Battleship Edge,Humanoid Area,One for the Gipper,6b,15
Battleship Edge,Humanoid Area,President Elect,6b+,15
Battleship Edge,Humanoid Area,Chappaquiddick,6b,15
Battleship Edge,Humanoid Area,Coastguard Ron,7a,15
Battleship Edge,Humanoid Area,April Skies,5a,15
Battleship Edge,Humanoid Area,It's All Good,4b,15
Battleship Edge,Humanoid Area,Persistence is Futile,6b,15
Battleship Edge,Humanoid Area,Pyramid,6b,15
Battleship Edge,Humanoid Area,Misty Monday,3b,15
Battleship Edge,Humanoid Area,Guerrillas in the Myst,4c,15
Battleship Edge,Middle Cliff,Serendipity,4b,12
Battleship Edge,Middle Cliff,High Jinks (Link up Traverse),5c,12
Battleship Edge,Middle Cliff,Mr Dudley Meets Ting Tong Macadangdang,6a,12
Battleship Edge,Middle Cliff,"Flickhead Goes Boing, Boing",7a,12
Battleship Edge,Middle Cliff,Cruel Mistress,6c+,12
Battleship Edge,Middle Cliff,Hats off to the Insane,6b+,12
Battleship Edge,Middle Cliff,Trashcan Man,6b,9
Battleship Edge,Middle Cliff,Dirty Filthy Rich,6a,9
Battleship Edge,Middle Cliff,Setting the Date,6b+,9
Battleship Edge,Middle Cliff,Sealed with a Kiss,6a+,9
Battleship Edge,Middle Cliff,Champagne Supernova,6a+,9
Battleship Edge,Middle Cliff,Dishing the Dirt,6a,9
Battleship Edge,Middle Cliff,Andy Wallhole,6a,9
Battleship Edge,Middle Cliff,The Scroobious Pip,6b,9
Battleship Edge,Middle Cliff,Solar Deprivation,6a,9
Blacknor Central,Hysterical Solitude Area,Imbolc,7b,20
Blacknor Central,Hysterical Solitude Area,The Hong Jagged Flake of Death (Retired),6b+,20
Blacknor Central,Hysterical Solitude Area,Distanced,6b+,20
Blacknor Central,Hysterical Solitude Area,Dudas sin nombres,6b+,20
Blacknor Central,Hysterical Solitude Area,Dreamer,HVS 5a,20
Blacknor Central,Hysterical Solitude Area,Moomin papa,6b,20
Blacknor Central,Hysterical Solitude Area,When This Hits the Fan,6b+,20
Blacknor Central,Hysterical Solitude Area,"Shit Happens, Actually",6a,20
Blacknor Central,Hysterical Solitude Area,Unstuck on You (Flowstone Shuffle),7b,20
Blacknor Central,Hysterical Solitude Area,21.5 Weeks,6b+,20
Blacknor Central,Hysterical Solitude Area,Birthday Girl,5c,20
Blacknor Central,Hysterical Solitude Area,Bag End,5c,20
Blacknor Central,Hysterical Solitude Area,Divine Comedy,5a,20
Blacknor Central,Hysterical Solitude Area,I Don't Have a Spoiler so I Just Leave My Boot Open,6b,20
Blacknor Central,Hysterical Solitude Area,Hysterical Solitude,6c,20
Blacknor Central,Hysterical Solitude Area,Crucifix Kiss,7c,20
Blacknor Central,Hysterical Solitude Area,Choc Speedway,6b+,20
Blacknor Central,Hysterical Solitude Area,Nothing is Cool,6c,20
Blacknor Central,Hysterical Solitude Area,Protein Delta Strip,6c,20
Blacknor Central,Hysterical Solitude Area,That Honeycomb Centre,6c+,20
Blacknor Central,Hysterical Solitude Area,Kit Kat,6b,20
Blacknor Central,Hysterical Solitude Area,Whilst the Cat's Away,7a+,20
Blacknor Central,Hysterical Solitude Area,The Launch,7c,20
Blacknor Central,Monsoon Malabar Area,Struggling Jim,VS 4c,15
Blacknor Central,Monsoon Malabar Area,Fat Falling Pigs,6b,15
Blacknor Central,Monsoon Malabar Area,Twangy Pearl,7b,15
Blacknor Central,Monsoon Malabar Area,Boilermaker,7c,15
Blacknor Central,Monsoon Malabar Area,Into the Sun,6c,16
Blacknor Central,Monsoon Malabar Area,Second's Swing,HVS 5a,20
Blacknor Central,Monsoon Malabar Area,Poison Tip,E1 5b,20
Blacknor Central,Monsoon Malabar Area,Bring on the Night,6c+,20
Blacknor Central,Monsoon Malabar Area,Does Trunky Want a Bun?,6b+,20
Blacknor Central,Monsoon Malabar Area,Monsoon Malabar,6a,20
Blacknor Central,Monsoon Malabar Area,I thought hurricane season was over!,7a,20
Blacknor Central,Monsoon Malabar Area,Mr. Wiggles,6c,20
Blacknor Central,Monsoon Malabar Area,Nomad,VS 4c,20
Blacknor Central,Monsoon Malabar Area,Inbreeding,6b,14
Blacknor Central,Monsoon Malabar Area,Adventure Time,6a+,14
Blacknor Central,Monsoon Malabar Area,Tipperary,5c,14
Blacknor Central,Monsoon Malabar Area,"We Are Not Men, We Are Roto",6c,20
Blacknor Central,Monsoon Malabar Area,The Stals on Me Pal,7a,20
Blacknor Central,Monsoon Malabar Area,Mirage,HVS 5a,20
Blacknor Central,Monsoon Malabar Area,Toothless Vampire,7b,20
Blacknor Central,Monsoon Malabar Area,Fond Farewell,E1 5b,20
Blacknor Central,Pregnant Pause Area,Keeping Abreast of Things,6b+,30
Blacknor Central,Pregnant Pause Area,Paws for Thought,6b+,30
Blacknor Central,Pregnant Pause Area,Pregnant Pause,6a+,30
Blacknor Central,Pregnant Pause Area,Big Corner,HVS 4b,30
Blacknor Central,Pregnant Pause Area,Suenos de España,7a+,30
Blacknor Central,Pregnant Pause Area,Valerian,6a,30
Blacknor Central,Pregnant Pause Area,Viper's Tale,7a+,30
Blacknor Central,Pregnant Pause Area,Natural Born Drillers,6c,30
Blacknor Central,Pregnant Pause Area,Solstice Arête,7a,30
Blacknor Central,Pregnant Pause Area,Flake Out,VS 4c,30
Blacknor Central,Pregnant Pause Area,The Long Walk,6c,30
Blacknor Central,Pregnant Pause Area,Mexican Stand-off,7a+,30
Blacknor Central,Pregnant Pause Area,Madame Butterfly,6a+,30
Blacknor Central,Pregnant Pause Area,One Fine Day,6a+,30
Blacknor Central,Pregnant Pause Area,Dust in the Wind,5c,30
Blacknor Central,Pregnant Pause Area,The Prow,E1 5b,30
Blacknor Central,Go With the Flow and Niagra Area,Skank Central,6b+,30
Blacknor Central,Go With the Flow and Niagra Area,Bob's Big Mistake,HVS 4c,30
Blacknor Central,Go With the Flow and Niagra Area,Slim Jim,S 4a,20
Blacknor Central,Go With the Flow and Niagra Area,Summer Wine,6a,20
Blacknor Central,Go With the Flow and Niagra Area,Last of the Summer Wine,5c,20
Blacknor Central,Go With the Flow and Niagra Area,Go With the Flow,6a,20
Blacknor Central,Go With the Flow and Niagra Area,Ocean Rock,6c+,20
Blacknor Central,Go With the Flow and Niagra Area,Pedestal Crack,HS 4b,30
Blacknor Central,Go With the Flow and Niagra Area,The Thin Edge of the Wedge,6a+,30
Blacknor Central,Go With the Flow and Niagra Area,Rise of Iron,6b,30
Blacknor Central,Go With the Flow and Niagra Area,Electric Brae,6b+,30
Blacknor Central,Go With the Flow and Niagra Area,Elusive Butterfly,6b+,30
Blacknor Central,Go With the Flow and Niagra Area,Best Destiny,4c,30
Blacknor Central,Go With the Flow and Niagra Area,Aeroforce,7b,30
Blacknor Central,Go With the Flow and Niagra Area,Blame it on the Drain,7a+,30
Blacknor Central,Go With the Flow and Niagra Area,Niagara Wall,7a,30
Blacknor Central,Go With the Flow and Niagra Area,Dizzy up the Girl,7a+,30
Blacknor Central,Go With the Flow and Niagra Area,Gaze of the Gorgon,6a+,30
Blacknor Central,Portland Heights Area,Sniffin' Glue,7a+,28
Blacknor Central,Portland Heights Area,Insistence,HS 4b,28
Blacknor Central,Portland Heights Area,Athenian Tactics,7b+,28
Blacknor Central,Portland Heights Area,Corinthian Spirit,7b+,28
Blacknor Central,Portland Heights Area,Cybernetic Orchard,7a+,28
Blacknor Central,Portland Heights Area,I Walk the Line,7b,28
Blacknor Central,Portland Heights Area,Portland Heights,7a,28
Blacknor Central,Portland Heights Area,Grand Larceny,7a+,28
Blacknor Central,Portland Heights Area,Burning Skies,6c,28
Blacknor Central,Portland Heights Area,Isle of Slingers,6c+,28
Blacknor Central,Portland Heights Area,Lord Stublock Deepvoid Breaks the Chain of Causation,6b+,28
Blacknor Central,Portland Heights Area,Gone Amongst Innocent Angels,6b,28
Blacknor Central,Portland Heights Area,Up Lift Finish,6b+,28
Blacknor Central,Portland Heights Area,Dusty Bedrock in need of Careful Preparation,7a+,28
Blacknor Central,Portland Heights Area,Persistence,HS 4a,28
Blacknor Central,Portland Heights Area,Cocteau Phenomena,7b+,28
Blacknor Central,Portland Heights Area,The Chronicles of Vladimir,6c+,28
Blacknor Central,Portland Heights Area,Ausfahrt,6b+,28
Blacknor Central,Portland Heights Area,The English Lady,6a+,28
Blacknor Central,Return to Roissy Area,Port Wine,VS 4c,28
Blacknor Central,Return to Roissy Area,"Screw the Roses, Send me the Thorns",7a+,28
Blacknor Central,Return to Roissy Area,"The Shells, The Shells",7a,28
Blacknor Central,Return to Roissy Area,Driven Like the Snow,6b+,28
Blacknor Central,Return to Roissy Area,Return to Roissy,6b+,28
Blacknor Central,Return to Roissy Area,Daydream Believer,6c+,28
Blacknor Central,Return to Roissy Area,Last Rose of Summer,7a,28
Blacknor Central,Return to Roissy Area,Through the Barricades,7a+,28
Blacknor Central,Return to Roissy Area,Step away from the Gingga,7a,28
Blacknor Central,Return to Roissy Area,Babelicious Redhead,6c,28
Blacknor Central,Return to Roissy Area,Chasing the Sun,6c+,28
Blacknor Central,Return to Roissy Area,Jezabel Spirit,E1 5b,28
Blacknor Central,Return to Roissy Area,The Angry Sea,6c,28
Blacknor Central,Return to Roissy Area,The Wrecked Finger,6a+,28
Blacknor Central,Return to Roissy Area,Blockhead,HS 4b,28
Blacknor Far South,Approach Buttress,Battle Against Time,5c,20
Blacknor Far South,Approach Buttress,Six Go Mad in Sorrento,6a,20
Blacknor Far South,Approach Buttress,Wubba Lubba Dub Dub!,6a,20
Blacknor Far South,Approach Buttress,Year of the Cat,6a+,20
Blacknor Far South,Approach Buttress,Spanish Eyes,6a+,20
Blacknor Far South,Approach Buttress,On the Edge of a Storm,5c,20
Blacknor Far South,Approach Buttress,In the Eye of a Storm,6c+,20
Blacknor Far South,Approach Buttress,Bliss,4b,16
Blacknor Far South,Approach Buttress,Not the Dark Side,3a,16
Blacknor Far South,Fear's Younger Brother Area,High Point,6a+,20
Blacknor Far South,Fear's Younger Brother Area,Chinese Finger Trap,7a,20
Blacknor Far South,Fear's Younger Brother Area,No Idea,6c+,20
Blacknor Far South,Fear's Younger Brother Area,Where's My Washboard,6b+,20
Blacknor Far South,Fear's Younger Brother Area,Castle Anthrax,7a,20
Blacknor Far South,Fear's Younger Brother Area,An Arse With a View,7a,20
Blacknor Far South,Fear's Younger Brother Area,The Singing Bush,7a+,20
Blacknor Far South,Fear's Younger Brother Area,Bushwhacked,7a+,20
Blacknor Far South,Fear's Younger Brother Area,Chaos UK,7a+,20
Blacknor Far South,Fear's Younger Brother Area,AKA UK OK,7b,20
Blacknor Far South,Fear's Younger Brother Area,UK Subs,7a+,20
Blacknor Far South,Fear's Younger Brother Area,The Unknown Soldier,6b+,20
Blacknor Far South,Fear's Younger Brother Area,Read the Small Print,6b,20
Blacknor Far South,Fear's Younger Brother Area,Fear the Small Print,5c,20
Blacknor Far South,Fear's Younger Brother Area,Fear's Younger Brother,6a,20
Blacknor Far South,Fear's Younger Brother Area,Ocean of Fear,6a,20
Blacknor Far South,Fear's Younger Brother Area,Ocean Drive,6b,20
Blacknor Far South,Fear's Younger Brother Area,Kendo Nagasaki,7a+,20
Blacknor Far South,Fear's Younger Brother Area,Ryme Intrinseca,7b,20
Blacknor Far South,Fear's Younger Brother Area,The Strobolising Scyphostoma,7a+,20
Blacknor Far South,Fear's Younger Brother Area,Invictus,7b,20
Blacknor Far South,Fear's Younger Brother Area,Kill a Gent's Tart,6c+,20
Blacknor Far South,Fear's Younger Brother Area,Rag 'n' Bone Man,6b,20
Blacknor Far South,Fear's Younger Brother Area,Steptoe and Son,6c,20
Blacknor Far South,Mechanoids Area,Sparkling Bone Chamber,7b,20
Blacknor Far South,Mechanoids Area,Reality Bites,6b+,20
Blacknor Far South,Mechanoids Area,Slumberland,6a+,20
Blacknor Far South,Mechanoids Area,Slumberland Direct,6b+,20
Blacknor Far South,Mechanoids Area,Nobody's Hero,6c,20
Blacknor Far South,Mechanoids Area,Great Barrier Reef,7a+,20
Blacknor Far South,Mechanoids Area,Crown of Thorns,7a+,20
Blacknor Far South,Mechanoids Area,Wax on Wheels,7a+,20
Blacknor Far South,Mechanoids Area,Cerebellum,6c+,20
Blacknor Far South,Mechanoids Area,Hollow Ground,6b+,20
Blacknor Far South,Mechanoids Area,So Special,7b,20
Blacknor Far South,Mechanoids Area,Mechanoids,7a,20
Blacknor Far South,Mechanoids Area,Cliché Upon Cliché,6c,20
Blacknor Far South,Mechanoids Area,Senseless Thing,7b,20
Blacknor Far South,Mechanoids Area,In on the Killtaker,7b+,20
Blacknor Far South,Mechanoids Area,Think Black,7b,20
Blacknor Far South,Mechanoids Area,Paint a Black Picture,7c,20
Blacknor Far South,Mechanoids Area,Look on the Bright Side,7a+,20
Blacknor Far South,Mechanoids Area,Amber Vibe,7c+,20
Blacknor Far South,Mechanoids Area,Boom-Boom Boom Box,7a+,20
Blacknor Far South,Master of the Rolls Area,Carlos Fandango Belay,6b,19
Blacknor Far South,Master of the Rolls Area,Ghetto-Blaster Master,6b,19
Blacknor Far South,Master of the Rolls Area,Paying It Forward,6a+,19
Blacknor Far South,Master of the Rolls Area,Escape from the Dwaafee Room,6a,19
Blacknor Far South,Master of the Rolls Area,Punter's Way,6a+,19
Blacknor Far South,Master of the Rolls Area,Blackthorn Winter,6c,19
Blacknor Far South,Master of the Rolls Area,Mistress of the Baps,6c+,19
Blacknor Far South,Master of the Rolls Area,Master of the Rolls,7a+,19
Blacknor Far South,Master of the Rolls Area,The Loneliness of the Long Distance Driller,6b,19
Blacknor Far South,Master of the Rolls Area,The Sponginess of the Wrong Mixture Filler,6b,19
Blacknor Far South,Master of the Rolls Area,If You Should Go Skating,6c,19
Blacknor Far South,Master of the Rolls Area,Pulling Daisies,6a+,19
Blacknor Far South,Master of the Rolls Area,Skating on Thin Ice,5a,19
Blacknor Far South,Master of the Rolls Area,Spare the Fern,4c,19
Blacknor Far South,Master of the Rolls Area,Spare the Fern Right-hand,4c,19
Blacknor Far South,Master of the Rolls Area,Desireless,4a,19
Blacknor Far South,Master of the Rolls Area,Good Lay,6b,19
Blacknor Far South,Master of the Rolls Area,The Enema Within,E4 6b,19
Blacknor Far South,Master of the Rolls Area,Shoobedoobabadah,6c+,19
Blacknor Far South,Master of the Rolls Area,Blood and Chocolate,6c,19
Blacknor North,Far North,Reinheitsgebot,4a,11
Blacknor North,Far North,It's the End of the World as we Know it (and I Feel Fine),5a,11
Blacknor North,Far North,Unprecedented Times,6a,11
Blacknor North,Far North,Another One for the Pot,6a+,11
Blacknor North,Far North,Enlightenment,6a,11
Blacknor North,Far North,Slim Fingers' Revenge,7a,8
Blacknor North,Far North,Boiled Lobster,6b,7
Blacknor North,Far North,Safety First Then Teamwork,7a+,6
Blacknor North,Far North,The Escape Route,6c,5
Blacknor North,Far North - Pit Prop Crag - North Wing,Flying High,6a,8
Blacknor North,Far North - Pit Prop Crag - North Wing,'Cause We All Have Wings,6a,8
Blacknor North,Far North - Pit Prop Crag - North Wing,Rock Chick,5b,8
Blacknor North,Far North - Pit Prop Crag - North Wing,"I'll Get You, Penelope Pitprop!",5a,8
Blacknor North,Far North - Pit Prop Crag - North Wing,Gold Among the Sand,5c,8
Blacknor North,Far North - Pit Prop Crag - North Wing,Catch the Pigeon,6a,8
Blacknor North,Far North - Pit Prop Crag - North Wing,Come Fly by Day,5b,8
Blacknor North,Far North - Pit Prop Crag - North Wing,Battle of the Bulge,5b,8
Blacknor North,Far North - Pit Prop Crag - North Wing,Heatwave,5c,8
Blacknor North,Far North - Pit Prop Crag - North Wing,Resurgent Spirit of Loose,E1 5a,8
Blacknor North,Far North - Pit Prop Crag - South Wing,The Ivanator,6b,14
Blacknor North,Far North - Pit Prop Crag - South Wing,Blown Away,6c+,14
Blacknor North,Far North - Pit Prop Crag - South Wing,The Blacknor Lemmings,5b,14
Blacknor North,Far North - Pit Prop Crag - South Wing,Walking on Broken Glass,6b+,14
Blacknor North,Far North - Pit Prop Crag - South Wing,The Notorious Ivy G,5b,14
Blacknor North,Far North - Pit Prop Crag - South Wing,I Spy Gaz Fry,5c,14
Blacknor North,Far North - Pit Prop Crag - South Wing,Princess Consuela Bananahammock,6a+,14
Blacknor North,Far North - Pit Prop Crag - South Wing,A Highway With No One On It,6b,14
Blacknor North,Far North - Pit Prop Crag - South Wing,One Armed Bandit,5c,14
Blacknor North,Far North - Pit Prop Crag - South Wing,The Mighty Midget,6b+,14
Blacknor North,Blacknor Heights (Blacknor Quarry Bouldering),Nodules of Power,f6B,5
Blacknor North,Blacknor Heights (Blacknor Quarry Bouldering),Noodle Soup,f6C,5
Blacknor North,Blacknor Heights (Blacknor Quarry Bouldering),Les Dawson,f7A,5
Blacknor North,Blacknor Heights (Blacknor Quarry Bouldering),Bruce's Wall,f6C,5
Blacknor North,Blacknor Heights (Blacknor Quarry Bouldering),Dirty Groove,f4+,5
Blacknor North,Blacknor Heights (Blacknor Quarry Bouldering),Rainbow Slab,f5,5
Blacknor North,Blacknor Heights (Blacknor Quarry Bouldering),The Corner,f3,5
Blacknor North,Blacknor Heights (Blacknor Quarry Bouldering),Flowstone Slab,f5+,5
Blacknor North,Blacknor Heights (Blacknor Quarry Bouldering),Feeling Yellow,f4,5
Blacknor North,Blacknor Heights (Blacknor Quarry Bouldering),Caterpillar Arete,f5+,5
Blacknor North,Blacknor Heights (Blacknor Quarry Bouldering),"Caterpillar Arete, sit start",f6A+,5
Blacknor North,Blacknor Heights (Blacknor Quarry Bouldering),Caterpillar Season,f6A+,5
Blacknor North,Blacknor Heights (Blacknor Quarry Bouldering),"Caterpillar Season, Sit-start",f6C,5
Blacknor North,Blacknor Heights (Blacknor Quarry Bouldering),Caterpillar Flake,f4+,5
Blacknor North,Blacknor Heights (Blacknor Quarry Bouldering),"Caterpillar Flake, Sit-start",f5+,5
Blacknor North,Blacknor Heights (Blacknor Quarry Bouldering),Waterfall,f6A+,5
Blacknor North,Blacknor Heights (Blacknor Quarry Bouldering),Butterfly Arete,f5,5
Blacknor North,Blacknor Heights (Blacknor Quarry Bouldering),Anway,f5+,5
Blacknor North,Blacknor Heights (Blacknor Quarry Bouldering),Layaway,f5,5
Blacknor North,Blacknor Heights (Blacknor Quarry Bouldering),Up Shit Creek…,f7A,5
Blacknor North,Blacknor Heights (Blacknor Quarry Bouldering),Be Gentle With Me,f6A,5
Blacknor North,Blacknor Heights (Blacknor Quarry Bouldering),Too fat to be a chimney sweep!,f5+,5
Blacknor North,Blacknor Fort Quarry (Sport),Ohana,4a,6
Blacknor North,Blacknor Fort Quarry (Sport),The Adventure Begins,3a,6
Blacknor North,Blacknor Fort Quarry (Sport),The Man in the Moon,6a,6
Blacknor North,Blacknor Fort Quarry (Sport),Wet Pubs are Just a Memory,5a,6
Blacknor North,Blacknor Fort Quarry (Sport),Mystery Stripper,5c,6
Blacknor North,Blacknor Fort Quarry (Sport),Ghost Writer,5c,6
Blacknor North,Cliff top way down,Absolute Beginners,2c,5
Blacknor North,Cliff top way down,Too Hard for Matt Ilott,3c,5
Blacknor North,Death of Cool Area,Chin Reaction,6c,17
Blacknor North,Death of Cool Area,San Andreas,E1 5b,17
Blacknor North,Death of Cool Area,Meltdown,7a,17
Blacknor North,Death of Cool Area,Quakin' in My Bones,7a+,17
Blacknor North,Death of Cool Area,Sellerfield,7b,17
Blacknor North,Death of Cool Area,The Taylor Show,6a+,17
Blacknor North,Death of Cool Area,Speleo Joy Toy,VS 4b,17
Blacknor North,Death of Cool Area,Living the Dream,6b+,22
Blacknor North,Death of Cool Area,Death of Cool,7a+,22
Blacknor North,Death of Cool Area,Drag Racing Underground,6c+,22
Blacknor North,Death of Cool Area,Poppadom,E1 5a,22
Blacknor North,Seattle Be the Day Area,Seattle be the Day,6b+,20
Blacknor North,Seattle Be the Day Area,The Fabulous Bakery Boys,6c,20
Blacknor North,Seattle Be the Day Area,Captain Lob Meets the Nipple Pincher,6b,20
Blacknor North,Seattle Be the Day Area,Grease Monkey,6a+,20
Blacknor North,Seattle Be the Day Area,Grease Paint and Monkey Brains,6a+,20
Blacknor North,Seattle Be the Day Area,Indian Summer,6a,20
Blacknor North,Seattle Be the Day Area,The Curler,VS 4c,12
Blacknor North,Seattle Be the Day Area,Blowing Chunks,6c,12
Blacknor North,Seattle Be the Day Area,Where's Blue Hippo,7a+,12
Blacknor North,Seattle Be the Day Area,Beer and Corruption,7a,12
Blacknor North,Seattle Be the Day Area,Henry Rollins for President,7a+,12
Blacknor North,Seattle Be the Day Area,Shatter My Illusions but Don't Break My Heart,VS 4a,20
Blacknor North,Seattle Be the Day Area,Wynona's Big Brown Beaver,6c,20
Blacknor North,Seattle Be the Day Area,Ximenesque,6b+,20
Blacknor North,Seattle Be the Day Area,In Dust We Trust,6c+,20
Blacknor North,Captain Klutz Area,Ironhead,7a+,22
Blacknor North,Captain Klutz Area,Meg's Got Leukaemia,6a,22
Blacknor North,Captain Klutz Area,Cinema Paradiso,6a,22
Blacknor North,Captain Klutz Area,Skin Flick,7c+,22
Blacknor North,Captain Klutz Area,Captain Klutz and the Sailors of Fortune,6a,22
Blacknor North,Captain Klutz Area,Major Mushrooms and that Mentally Muffled Mentality,6c,22
Blacknor North,Captain Klutz Area,Unknown,6a,22
Blacknor North,Wolfgang Forever Area,For Love and Liberty,7a+,20
Blacknor North,Wolfgang Forever Area,Is Vic There?,7a,20
Blacknor North,Wolfgang Forever Area,Sanfte Kuss,7a+,20
Blacknor North,Wolfgang Forever Area,Wolfgang Forever,7a,20
Blacknor North,Wolfgang Forever Area,Popeye Doyle,7c,20
Blacknor North,Wolfgang Forever Area,French Connection UK,7b+,20
Blacknor North,Wolfgang Forever Area,Appleturnoverload,7a+,20
Blacknor North,Wolfgang Forever Area,The Post Rad Gypsy Junkshow's search for Teacakes,7a,20
Blacknor North,Wolfgang Forever Area,The Magic Bowl of the Mushroom Men,6c+,20
Blacknor North,Wolfgang Forever Area,Very Sleepy River,6b,20
Blacknor North,Wolfgang Forever Area,The 'Real' Cat of Cockles Cottage,7b+,20
Blacknor North,Wolfgang Forever Area,Edge Hog,7a+,20
Blacknor North,Wolfgang Forever Area,Klepto Krack,HVS 4c,20
Blacknor North,Wolfgang Forever Area,Toes Curl,6c+,20
Blacknor North,Wolfgang Forever Area,Freaky Ralph,8a+,20
Blacknor North,Wolfgang Forever Area,Birthday Boy,6a+,20
Blacknor North,Wolfgang Forever Area,"Aim High, Shoot Low",6a+,20
Blacknor North,Reptile Smile Area,Isle of Plenty,6b+,20
Blacknor North,Reptile Smile Area,Downtown Julie Brown,6c,20
Blacknor North,Reptile Smile Area,Reptile Smile,6a+,20
Blacknor North,Reptile Smile Area,Talking Smack,5c,20
Blacknor North,Reptile Smile Area,Slings Shot,5a,20
Blacknor North,Reptile Smile Area,Crocadilia,6a,20
Blacknor North,Reptile Smile Area,Spanner Eyes,7b,20
Blacknor North,Reptile Smile Area,England's Dreaming,7a+,20
Blacknor North,Reptile Smile Area,Cake Walk,6a+,20
Blacknor North,Reptile Smile Area,Dirt Track,VS 4b,20
Blacknor North,Reptile Smile Area,The Tea-Cake Path,6b,20
Blacknor North,Reptile Smile Area,California Hot Licks,6a+,20
Blacknor North,Reptile Smile Area,Doughnuts and Duvets,6b,20
Blacknor North,Reptile Smile Area,Apfel Strudel,6a,20
Blacknor North,Reptile Smile Area,Dwarf Lops,6b+,20
Blacknor North,Reptile Smile Area,"Suck, Don't Blow",6c,20
Blacknor North,Reptile Smile Area,Mother's Milk,6a,20
Blacknor North,Reptile Smile Area,Do You Like Our Owls?,6b,20
Blacknor North,Reptile Smile Area,Hot From the Forge,7a,20
Blacknor North,Reptile Smile Area,Onto the Ice Flow,7a,20
Blacknor North,Who Does Trad at Portland? Location Unknown,Deception,VS 4b,
Blacknor North,Who Does Trad at Portland? Location Unknown,Subterfuge,VS 4b,
Blacknor North,Who Does Trad at Portland? Location Unknown,High on the Richter Scale,E3 5c,
Blacknor South,Sharbutts Quarry,Sunseeker,2c,8
Blacknor South,Sharbutts Quarry,Baby Steps,VS 5a,8
Blacknor South,Sharbutts Quarry,Feet of Clay,VS 5a,8
Blacknor South,Sharbutts Quarry,Let Them Eat Cake,HVS 5a,8
Blacknor South,Sharbutts Quarry,Meatjam,6a+,8
Blacknor South,Sharbutts Quarry,Sunset Sessions,6c+,8
Blacknor South,Sharbutts Quarry,Sunny Side Up,5b,8
Blacknor South,Sharbutts Quarry,Portal to Another World,HVS 5c,8
Blacknor South,Sharbutts Quarry,Don't Kill Me,4a,8
Blacknor South,Sharbutts Quarry,Vertically Challenged,3b,8
Blacknor South,Sharbutts Quarry,Sunny Delight,3c,8
Blacknor South,Sharbutts Quarry,"Surf, Sun and Just Having Fun",3c,8
Blacknor South,Sharbutts Quarry,The Mighty Bush,5a,8
Blacknor South,Sharbutts Quarry,Casting at the Sun,6a+,8
Blacknor South,Sharbutts Quarry,Memories of Blue,5c,8
Blacknor South,Sharbutts Quarry,Finding Narnia,5b,8
Blacknor South,Sharbutts Quarry,Setanta,4c,8
Blacknor South,Sharbutts Quarry,Ariel,6a,8
Blacknor South,Sharbutts Quarry,Icarus,6a,8
Blacknor South,Sharbutts Quarry,Evie's Constance,5c,8
Blacknor South,Sharbutts Quarry,Ohhh Kaya,6c,8
Blacknor South,Sharbutts Quarry,Rain on the Wind,6a,8
Blacknor South,Sharbutts Quarry,Mullet Man,6a,8
Blacknor South,Sacred Angel Area,Dirty Cow,7a,16
Blacknor South,Sacred Angel Area,Spontaneous Cattle Combustion,6c+,16
Blacknor South,Sacred Angel Area,How Now Brown Cow,6c+,16
Blacknor South,Sacred Angel Area,Talk,6a+,16
Blacknor South,Sacred Angel Area,Toe the Line,6b,16
Blacknor South,Sacred Angel Area,Reunion,6a+,16
Blacknor South,Sacred Angel Area,Sacred Angel,7a,16
Blacknor South,Sacred Angel Area,String of Pearls,HVS 4c,16
Blacknor South,Sacred Angel Area,Northern Soul,7a+,16
Blacknor South,Sacred Angel Area,Southern Twist,7b,16
Blacknor South,Sacred Angel Area,Pining for Glossop,7a,16
Blacknor South,Sacred Angel Area,I Love the Smell of Resin in the Morning,6c,16
Blacknor South,Sacred Angel Area,Love in the Mist,6a,16
Blacknor South,Sacred Angel Area,The Way We Were,6b+,16
Blacknor South,Sacred Angel Area,The Devil,HVS 5b,16
Blacknor South,Sacred Angel Area,Draper's Henchmen,7b,16
Blacknor South,Sacred Angel Area,Oblivion is Forever,6b,16
Blacknor South,Sacred Angel Area,Equinox,6b,16
Blacknor South,Sacred Angel Area,Silent but Deadly,6c+,12
Blacknor South,Sacred Angel Area,Hot Pants Explosion,6b+,12
Blacknor South,Sacred Angel Area,Well Done Poppet,5c,12
Blacknor South,Sacred Angel Area,Utopia Avenue,6a,12
Blacknor South,Sacred Angel Area,Do Ixtlan,5b,12
Blacknor South,Sacred Angel Area,Eating Bush,5b,12
Blacknor South,Sacred Angel Area,Princess Bolting,4a,12
Blacknor South,Sacred Angel Area,Imperfect,3c,12
Blacknor South,Sacred Angel Area,Jutland,4b,12
Blacknor South,Sacred Angel Area,Lifeline,6a+,12
Blacknor South,Sacred Angel Area,Touch the Stone,6c,10
Blacknor South,Sacred Angel Area,It's My Life,5a,10
Blacknor South,Sacred Angel Area,Kiss the Sky,6b,8
Blacknor South,Sacred Angel Area,Beware of the Rungis,6a,7
Blacknor South,Sacred Angel Area,Pedagogy,6a+,6
Blacknor South,Medusa Falls Area,That Untravelled World,6b,15
Blacknor South,Medusa Falls Area,There's Something To Bite On,6a,15
Blacknor South,Medusa Falls Area,The Lizard of Oz,6a+,15
Blacknor South,Medusa Falls Area,Snakes Alive,6b,15
Blacknor South,Medusa Falls Area,Slither,7a+,15
Blacknor South,Medusa Falls Area,Medusa Falls,7a,16
Blacknor South,Medusa Falls Area,To Wish the Impossible,7a,17
Blacknor South,Medusa Falls Area,Psychosomatic Addict,7a+,18
Blacknor South,Medusa Falls Area,Tainted Love,6b,19
Blacknor South,Medusa Falls Area,Crack My Bitch Up,6b,20
Blacknor South,Medusa Falls Area,Kamikaze Moped,7a,20
Blacknor South,Medusa Falls Area,The Oldest Profession,7a,20
Blacknor South,Medusa Falls Area,Loose Cannon,7a,20
Blacknor South,Medusa Falls Area,Turned to Stone,6c+,20
Blacknor South,Medusa Falls Area,Skids of Mark,7b,20
Blacknor South,Medusa Falls Area,Bum Droplets,6b+,20
Blacknor South,Medusa Falls Area,Cut Throat Jake,6b,20
Blacknor South,Medusa Falls Area,Cute Ass,7a,20
Blacknor South,Medusa Falls Area,"No Ifs, No Butts",6c,20
Blacknor South,Medusa Falls Area,Seaman Stains,6c,20
Blacknor South,Medusa Falls Area,Hello Sailor,6c,20
Blacknor South,Medusa Falls Area,Master Bates,6b+,20
Blacknor South,Medusa Falls Area,Kite Marks,7a,20
Blacknor South,Medusa Falls Area,Captain Pugwash,6c+,20
Blacknor South,Medusa Falls Area,Roger the Cabin Boy,6b+,20
Blacknor South,Medusa Falls Area,The Black Pig,7b,20
Blacknor South,Medusa Falls Area,Still My Bleeding Heart,6a+,20
Cave Hole,Too Funky Beach Area,Memory Lane,6a,
Cave Hole,Too Funky Beach Area,"Up, Up and Away",E2 6b,
Cave Hole,Too Funky Beach Area,Once Were Warriors,7c,
Cave Hole,Too Funky Beach Area,Cold Feet,6b,
Cave Hole,Too Funky Beach Area,Penny Lane,6a+,
Cave Hole,Too Funky Beach Area,Too Funky for Me,6b+,
Cave Hole,Too Funky Beach Area,The Big Boss,7a,
Cave Hole,Too Funky Beach Area,Marine Boy,6b+,
Cave Hole,Too Funky Beach Area,Marine Boy Direct,6c,
Cave Hole,Too Funky Beach Area,Godzuki,6a+,
Cave Hole,Too Funky Beach Area,Makin' Bacon,6a,
Cave Hole,Too Funky Beach Area,Trashy's Traverse,6b+,
Cave Hole,Too Funky Beach Area,Eight Inches,7a,
Cave Hole,Too Funky Beach Area,Trench warfare,7a+,
Cave Hole,Desperado Cave,Desperado,E3 6a,
Cave Hole,Desperado Cave,Psychoman,E3 5c,
Cave Hole,Desperado Cave,Mike's Free Willy,E3 6a,
Cave Hole,Desperado Cave,Lick of the Cat,E4 6a,
Cave Hole,Desperado Cave,Pirates of the Black Atlantic,E2 5b,
Cave Hole,Desperado Cave,Surface Tension,E4 6a,
Cave Hole,Desperado Cave,Temporary Lifestyle,HS 4b,
Cave Hole,Desperado Cave,Underlife,E2 6a,
Cave Hole,Desperado Cave,David's Metraverse,HVS 4a,
Cave Hole,Ixtlan Area,Babes and Bedsheets,E5 6a,
Cave Hole,Ixtlan Area,Foxy Chicks,E2 5c,
Cave Hole,Ixtlan Area,Reel 'Em In,E2 6a,
Cave Hole,Ixtlan Area,The Big Easy,E1 5c,
Cave Hole,Ixtlan Area,Aquamarina,E4 6b,
Cave Hole,Ixtlan Area,The Little Hard,E3 5c,
Cave Hole,Ixtlan Area,Big Easy Arete,HVS 5a,
Cave Hole,Ixtlan Area,Massive Amounts of Strength,E5 6c,
Cave Hole,Ixtlan Area,Huge Reaches,E5 6b,
Cave Hole,Ixtlan Area,Mad in Me,E5 6a,
Cave Hole,Ixtlan Area,Lunge or Plunge,E5 6b,
Cave Hole,Ixtlan Area,Ixtlan,E2 5b,
Cave Hole,Ixtlan Area,Karma,E3 5c,
Cave Hole,Ixtlan Area,Famous Genitalia,E4 6a,
Cave Hole,Ixtlan Area,Mad About You,E3 6a,
Cave Hole,Ixtlan Area,Greet Flying Scotsman,E5 5c,
Cave Hole,Ixtlan Area,Vicious Sea Splat,E5 5c,
Cave Hole,Ixtlan Area,Shot and Wounded,E5 6a,
Cave Hole,Ixtlan Area,Russian Roulette,E3 6a,
Cave Hole,Crab Party Area,Captain Haddock,E2 5b,
Cave Hole,Crab Party Area,Gourmet Shit Traverse,E1 5b,
Cave Hole,Crab Party Area,Flipper Force,E3 6a,
Cave Hole,Crab Party Area,Up the Grotto,E5 6a,
Cave Hole,Crab Party Area,Water Wings,E4 6b,
Cave Hole,Crab Party Area,"Ooh, Lovely!",E3 5c,
Cave Hole,Crab Party Area,Out of Yer Shell,E4 6b,
Cave Hole,Crab Party Area,Crab Party,E4 6a,
Cave Hole,Crab Party Area,Andy Pandy,E5 6b,
Cave Hole,Spittle 'n' Spume Area,Intimate Dancing,E1 5a,
Cave Hole,Spittle 'n' Spume Area,Descent Line,VS 4b,
Cave Hole,Spittle 'n' Spume Area,G-String,E3 5c,
Cave Hole,Spittle 'n' Spume Area,Robertson's Jam,HVS 5a,
Cave Hole,Spittle 'n' Spume Area,Spittle 'n' Spume,E1 5c,
Cave Hole,Spittle 'n' Spume Area,Bare Reputation,E4 6b,
Cave Hole,Spittle 'n' Spume Area,Under-Bare,E5 6b,
Cave Hole,Spittle 'n' Spume Area,Under-Bare Extension,E5 6b,
Cave Hole,Spittle 'n' Spume Area,Across the Water,E2 5c,
Cave Hole,Spittle 'n' Spume Area,A fish with a reputation,7b,
Cave Hole,Spittle 'n' Spume Area,Hooked Like No Fish Before Me,E2 5c,
Cave Hole,Spittle 'n' Spume Area,Always the Sun,E2 5c,
Cave Hole,Spittle 'n' Spume Area,Samurai in Autumn,E2 5c,
Cave Hole,Spittle 'n' Spume Area,Smile Please,E2 5b,
Cave Hole,Spittle 'n' Spume Area,L of Lateral Thinking,6a,
Cave Hole,Spittle 'n' Spume Area,Lateral Thinking,HVS 5a,
Cave Hole,Waterfall Cave Area,The Green Bearded Roof,7a+,
Cave Hole,Waterfall Cave Area,Supergeek,7b+,
Cave Hole,Waterfall Cave Area,Pilot of the Future,7b,
Cave Hole,Waterfall Cave Area,Breaching the Piece,E6 6c,
Cave Hole,Waterfall Cave Area,Zen Zero,7c+,
Cave Hole,Waterfall Cave Area,The Lottie Dog Traverse,E2 5c,
Cave Hole,Waterfall Cave Area,Zombie Nation,7c,
Cave Hole,Waterfall Cave Area,Air Hoodlum,7b+,
Cave Hole,Waterfall Cave Area,The Cult of John Craven,7b,
Cave Hole,Waterfall Cave Area,Escape Route,HVS 5a,
Cave Hole,Waterfall Cave Area,Osaki Dolphin,7c+,
Cave Hole,Waterfall Cave Area,Law of the Jungle,7b+,
Cave Hole,Waterfall Cave Area,The Swinging Nineties,7b,
Cave Hole,Waterfall Cave Area,King of the Swingers,7c+,
Cave Hole,High Klicks Area,Prince of Tides,5b,
Cave Hole,High Klicks Area,Waterfall Wall,VS 4b,
Cave Hole,High Klicks Area,Escape from Davy Jones’ Locker,3b,
Cave Hole,High Klicks Area,This is the Sea,4a,
Cave Hole,High Klicks Area,Carenza,3b,
Cave Hole,High Klicks Area,Stone Bridge,6a,
Cave Hole,High Klicks Area,The Shambles,5a,
Cave Hole,High Klicks Area,Skylark,4b,
Cave Hole,High Klicks Area,C.C. Backstabbers,E2 5c,
Cave Hole,High Klicks Area,Different for Girls,5c,
Cave Hole,High Klicks Area,Kisses and Lies,6a,
Cave Hole,High Klicks Area,"Now, Voyager",6a,
Cave Hole,High Klicks Area,High Klicks,6b,
Cave Hole,High Klicks Area,100 Reasons to be Cheerful,6c+,
Cave Hole,High Klicks Area,Bachelor Boy and the SR 500,5c,
Cave Hole,High Klicks Area,Action Man,6b+,
Cave Hole,High Klicks Area,And Then There Were Two,4b,
Cave Hole,Octopus Weed Area,One Cool Vibe,E3 5c,
Cave Hole,Octopus Weed Area,This is the Life,E3 5c,
Cave Hole,Octopus Weed Area,Fly the Friendly Skies,7c,
Cave Hole,Octopus Weed Area,Seeing is Believing,7c,
Cave Hole,Octopus Weed Area,Uno Más,E3 6a,
Cave Hole,Octopus Weed Area,Tomar un Atajo,E2 5b,
Cave Hole,Octopus Weed Area,Staring at the Sea,7a,
Cave Hole,Octopus Weed Area,Underwater Love,7a,
Cave Hole,Octopus Weed Area,Walking the Plank,E3 5c,
Cave Hole,Octopus Weed Area,Keep Walking the Plank,E3 5c,
Cave Hole,Octopus Weed Area,Leave my Sole Alone,HVS 5a,
Cave Hole,Octopus Weed Area,"Good Night, and Good Luck",E5 6c,
Cave Hole,Octopus Weed Area,Final Transmission,E5 6b,
Cave Hole,Octopus Weed Area,Guerilla Radio,E4 6b,
Cave Hole,Octopus Weed Area,The Lip Traverse,E2 5b,
Cave Hole,Octopus Weed Area,Magician's Trap,E4 6a,
Cave Hole,Octopus Weed Area,Purple Shorts,E1 5b,
Cave Hole,Octopus Weed Area,Octopuss Weed,E3 6a,
Cave Hole,Octopus Weed Area,Octo Campo,7a+,
Cave Hole,Octopus Weed Area,Tentacle Master,E4 6b,
Cave Hole,Octopus Weed Area,Previous Top-Rope Problem,E1 5b,
Cave Hole,Octopus Weed Area,Killer Loop,E4 6a,
Cave Hole,Octopus Weed Area,Skeleton Surfers,E3 6a,
Coastguard North,Wax Museum Area,Cunning Lingo,E3 6a,20
Coastguard North,Wax Museum Area,Godzilla,6b,20
Coastguard North,Wax Museum Area,El Poder de un Coño,6c+,20
Coastguard North,Wax Museum Area,Explorator Motivator,E3 6a,20
Coastguard North,Wax Museum Area,100% Columbian,7a+,20
Coastguard North,Wax Museum Area,China White,6c+,20
Coastguard North,Wax Museum Area,Boys from the Loose Stuff,E3 5b,20
Coastguard North,Wax Museum Area,Pure Shores,6c,20
Coastguard North,Wax Museum Area,Life in a Northern Town,6b,22
Coastguard North,Wax Museum Area,Meridian Line,7c,22
Coastguard North,Wax Museum Area,Ming the Merciless,7c+,22
Coastguard North,Wax Museum Area,Headwall Emptiness,7b+,22
Coastguard North,Wax Museum Area,Glycerine,7c+,22
Coastguard North,Wax Museum Area,Sand Castles,7a+,22
Coastguard North,Wax Museum Area,Wax Museum,7b+,25
Coastguard North,Wax Museum Area,Dr. Phibes,7b,25
Coastguard North,Wax Museum Area,Clockwork Orange,7c,25
Coastguard North,Wax Museum Area,The Nth Degree,7c,25
Coastguard North,Wax Museum Area,Wasted,7b+,25
Coastguard North,Wax Museum Area,Last Orders,7c,25
Coastguard North,Wax Museum Area,Bar Room Brawl,7c+,25
Coastguard North,Wax Museum Area,Vespasian,8b,25
Coastguard North,Wax Museum Area,Sale of the Century,7b,22
Coastguard North,Wax Museum Area,Zero Tolerance,7b+,22
Coastguard North,Wax Museum Area,Mid-Strife Oasis,7c,22
Coastguard North,Wax Museum Area,Eternal Spider,7c+,22
Coastguard North,Wax Museum Area,Alcatraz,8b,22
Coastguard North,Wax Museum Area,Happy to Go Blind,7b+,22
Coastguard North,Wax Museum Area,Golden Groove,6b+,22
Coastguard North,Wax Museum Area,"No Lion, No Tiger",E1 5a,22
Coastguard North,Nothing but the Groove Area,Spare Rib,7b,20
Coastguard North,Nothing but the Groove Area,Girl Power,7a+,22
Coastguard North,Nothing but the Groove Area,Steve's Route,7b,22
Coastguard North,Nothing but the Groove Area,Retaining the Ashes,6b,22
Coastguard North,Nothing but the Groove Area,Into the Groove,6b+,22
Coastguard North,Nothing but the Groove Area,Nothing but the Groove,6c+,22
Coastguard North,Nothing but the Groove Area,Running It In,7c,22
Coastguard North,Nothing but the Groove Area,Superfly Guy,7a,22
Coastguard North,Nothing but the Groove Area,Lost in Rock,6c+,22
Coastguard North,Nothing but the Groove Area,The Man Who Never Found Himself,6a+,22
Coastguard North,Nothing but the Groove Area,Pay Back Day,6c+,22
Coastguard North,Nothing but the Groove Area,Van People,7a,22
Coastguard North,Nothing but the Groove Area,Dosvadanya,6c+,22
Coastguard North,Nothing but the Groove Area,Fantasy Island,6c,22
Coastguard North,Nothing but the Groove Area,La Usurpadora,7c,18
Coastguard North,Nothing but the Groove Area,Heartland,7c,18
Coastguard North,Nothing but the Groove Area,Shining Heart,7c,18
Coastguard North,Nothing but the Groove Area,Frenzied Detruncation,7b+,12
Coastguard North,Nothing but the Groove Area,Prison Sex,7c+,12
Coastguard North,Nothing but the Groove Area,Midnight Oil,7a,12
Coastguard North,Nothing but the Groove Area,Hang 'em High,7b,12
Coastguard North,Nothing but the Groove Area,Gun Runner,6a,12
Coastguard North,Nothing but the Groove Area,Septic Bear,5a,12
Coastguard North,Nothing but the Groove Area,Sausage Novice,4b,12
Coastguard North,Nothing but the Groove Area,Ivy's Got Asthma,5c,12
Coastguard North,Coastguard Saddle,Team Magic 60th,6b,6
Coastguard North,Coastguard Saddle,The Seagull has Landed,6b+,6
Coastguard North,6c Boulder,Mizaru,6b,6
Coastguard North,6c Boulder,Kikazaru,6b,6
Coastguard North,6c Boulder,Kwazara,6a+,6
Coastguard South,The Aerials,Rude Not To,5a,10
Coastguard South,The Aerials,My Lovely Joey,5a,10
Coastguard South,The Aerials,The Tail of Two Ends,6b+,10
Coastguard South,The Aerials,Jog on Doris,4c,10
Coastguard South,The Aerials,Chalkings of a Madman,6a,10
Coastguard South,The Aerials,Climb It Like You Stole It,6b,10
Coastguard South,The Aerials,Where's Pablo's Phone?,6a+,10
Coastguard South,The Aerials,Rigor Tortoise,6b+,10
Coastguard South,The Aerials,A Time of Gifts,4a,10
Coastguard South,The Aerials,Old Tom Bombadil,5a,10
Coastguard South,The Aerials,Embrace of an Endless Ocean,5c,10
Coastguard South,The Aerials,Diving for Pearls,6b+,10
Coastguard South,Grip 89 Area,Boggle Dog and Squidge,5a,8
Coastguard South,Grip 89 Area,The Crimpawocky,6c,8
Coastguard South,Grip 89 Area,Pork Pie Smoothie,6a+,8
Coastguard South,Grip 89 Area,Teddy Bear,3c,8
Coastguard South,Grip 89 Area,and Bully Boy,4b,8
Coastguard South,Grip 89 Area,Seat of Learning,7c,24
Coastguard South,Grip 89 Area,The Font of Knowledge,7c,24
Coastguard South,Grip 89 Area,Biscuits for Smut,7b,24
Coastguard South,Grip 89 Area,Reactor Meltdown,7b+,24
Coastguard South,Grip 89 Area,Nuclear Fusion,7c,24
Coastguard South,Grip 89 Area,Right of Nuclear Fusion,7a+,24
Coastguard South,Grip 89 Area,Grip '89 (Audi 80 vs the Law),6c+,22
Coastguard South,Grip 89 Area,Guardian Angel,7b+,22
Coastguard South,Grip 89 Area,Brooklyn Bimbo,7b+,22
Coastguard South,Manhattan Skyline Area,From a Buick Eight,7b,22
Coastguard South,Manhattan Skyline Area,New York Dolls,6a+,22
Coastguard South,Manhattan Skyline Area,The Devil's Work,6b+,22
Coastguard South,Manhattan Skyline Area,Marshalling Amps,7b,22
Coastguard South,Manhattan Skyline Area,Broadway,E3 5c,22
Coastguard South,Manhattan Skyline Area,Manhattan Skyline,E4 6a,22
Coastguard South,Manhattan Skyline Area,Skyscraper,7a,22
Coastguard South,Manhattan Skyline Area,H'electric Boogaloo,6b,22
Coastguard South,Manhattan Skyline Area,Fairytale of New York,6a,22
Coastguard South,Manhattan Skyline Area,The Bronx,6c+,22
Coastguard South,Manhattan Skyline Area,Easy Cleft,HS 4a,22
Coastguard South,Manhattan Skyline Area,American Beauty,6c,22
Coastguard South,Manhattan Skyline Area,Vesuvius,VS,22
Coastguard South,Manhattan Skyline Area,California Dreams,6b+,22
Coastguard South,Xaviers Wall Area,September Mourning,7b,23
Coastguard South,Xaviers Wall Area,Wharfedale Boyz,7c,23
Coastguard South,Xaviers Wall Area,Screaming Skulls,7c,23
Coastguard South,Xaviers Wall Area,Tennessee,7c,23
Coastguard South,Xaviers Wall Area,Towser,6c,23
Coastguard South,Xaviers Wall Area,Darkest Before Dawn,7b,23
Coastguard South,Xaviers Wall Area,Actions Speak Louder,7a+,23
Coastguard South,Xaviers Wall Area,L'Odyssee Noire,6c+,23
Coastguard South,Xaviers Wall Area,Xavier's Wall,6a,23
Coastguard South,Xaviers Wall Area,First Love Never Dies,6c,23
Coastguard South,Xaviers Wall Area,Coming of Age,6a,23
Coastguard South,Xaviers Wall Area,Underage,6a,23
Coastguard South,Xaviers Wall Area,Xavier Zoo,6a,23
Coastguard South,Xaviers Wall Area,Young at Heart,6a+,23
Coastguard South,Xaviers Wall Area,Lucky Dip,HS 4b,23
Coastguard South,Xaviers Wall Area,"What Gives, My Son?",E3 5c,23
Coastguard South,Bad Moon Rising Area,Wavewatch,7b,22
Coastguard South,Bad Moon Rising Area,Full Fathom Five,7b,22
Coastguard South,Bad Moon Rising Area,Bad Moon Rising,7a+,22
Coastguard South,Bad Moon Rising Area,A Ship Load of Moonies,7a+,22
Coastguard South,Bad Moon Rising Area,Dead by Sunset,7b,22
Coastguard South,Bad Moon Rising Area,Witchdoctor,7b,22
Coastguard South,Bad Moon Rising Area,Vampire Killers,7b,22
Coastguard South,Bad Moon Rising Area,The Lost Buoys,7c+,22
Coastguard South,Bad Moon Rising Area,No Survivors,7b+,22
Coastguard South,Bad Moon Rising Area,A Meeting of Minds,7a+,22
Coastguard South,Bad Moon Rising Area,Lip Service,7a,22
Coastguard South,Bad Moon Rising Area,Bermuda Triangle,6c,22
Coastguard South,Bad Moon Rising Area,A Bird in the Hand,7a+,22
Coastguard South,Bad Moon Rising Area,Hasta La Vista,6b+,22
Coastguard South,Quick as Rainbows Area,Small Talk Costs Walls,6c+,24
Coastguard South,Quick as Rainbows Area,Smashing Orange,7a,24
Coastguard South,Quick as Rainbows Area,Drive Blind,7a,24
Coastguard South,Quick as Rainbows Area,Forensic Scene,7a+,24
Coastguard South,Quick as Rainbows Area,Quick as Rainbows,7b,24
Coastguard South,Quick as Rainbows Area,Red Medicine,7b+,24
Coastguard South,Quick as Rainbows Area,Aeon Flux,7b,24
Coastguard South,Quick as Rainbows Area,"Under the Sky, Inside the Sea",7a,18
Coastguard South,Quick as Rainbows Area,Forget Columbus,7a+,20
Coastguard South,Quick as Rainbows Area,Buried Violence,7b+,20
Coastguard South,Quick as Rainbows Area,Walking the King,6b+,20
Coastguard South,Quick as Rainbows Area,An Ideal for Living,7a+,20
Coastguard South,Quick as Rainbows Area,Time Bomb,7a,20
Coastguard South,Azymuth Area,Winning at Rodeo,7a,24
Coastguard South,Azymuth Area,Chevette de la Mer,6b,24
Coastguard South,Azymuth Area,Swimsuit Issue,6c+,24
Coastguard South,Azymuth Area,A Strange and Lonely God,5c,24
Coastguard South,Azymuth Area,Xistenz,7a+,24
Coastguard South,Azymuth Area,Razor Laugh,E1 5b,24
Coastguard South,Azymuth Area,Hell Razor,E3 5c,24
Coastguard South,Azymuth Area,Ladies of Tillycombe,6a+,24
Coastguard South,Azymuth Area,City of Beautiful Nonsense,6b+,24
Coastguard South,Azymuth Area,Forbidden City,6b+,24
Coastguard South,Azymuth Area,Space Shanty,6b,24
Coastguard South,Azymuth Area,Astra Blaze,6c,24
Coastguard South,Azymuth Area,Come In and Burn,7b,24
Coastguard South,Azymuth Area,Azymuth,7a+,24
Coastguard South,Azymuth Area,L'esprit du vent,7a+,24
Coastguard South,Azymuth Area,Down to the Wire,7b+,24
Coastguard South,Azymuth Area,Dawn of a New Age,7b+,24
Coastguard South,Azymuth Area,Birthday Present,7b+,24
Godnor,Godnor South,Curving Crack,VS,13
Godnor,Godnor South,Portland Exclusion Zone,6c,13
Godnor,Godnor South,Who Knew,6b,13
Godnor,Godnor South,Leonardo,6a+,13
Godnor,Godnor South,Mona Lisa,5c,13
Godnor,Godnor South,The Scrog,HS 4b,13
Godnor,Godnor South,Corner Twin,S 4a,13
Godnor,Godnor South,White Stones,6b,13
Godnor,Godnor South,White Stones (Original version),5c,13
Godnor,Godnor South,Corner Wall,VD,13
Godnor,Godnor South,Bert,VS 4c,13
Godnor,Godnor South,Betsy,VS 4c,13
Godnor,Godnor South,Portland Unconquerable,HVS 5a,13
Godnor,Godnor South,Greased Lightning,HS 4a,13
Godnor,Godnor South,Arrowhead Crack,VS 4b,13
Godnor,Godnor South,Slab and Crack,VD,13
Godnor,Godnor South,Crack and Wall,HVS 5a,13
Godnor,Godnor South,Afterthought,HS 4b,13
Godnor,Godnor South,Desperation,VS 4c,13
Godnor,Godnor South,Grip-Tight Gulch,VS 4c,13
Godnor,Godnor South,Sidewalker,HS 4a,13
Godnor,Godnor South,Anvil Point,HS 4b,13
Godnor,Godnor South,Calling Commander Appleby,5b,13
Godnor,Godnor South,Chimney Break,S 4a,13
Godnor,Godnor South,Sybarite,5b,13
Godnor,Godnor South,The Good Life,5c,13
Godnor,Godnor South,Break-Over Crack,E1 5b,13
Godnor,Godnor South,Enter Shikari,6c,13
Godnor,Godnor South,Flowers for the Stone Child,5c,13
Godnor,Godnor South,Bum Shuffle,5a,13
Godnor,Godnor South,Spear of Montezuma,6a,13
Godnor,Godnor South,Gentle Touch,5a,13
Godnor,Godnor South,Island Spell,4b,13
Godnor,Godnor South,Moscow Rules,4b,13
Godnor,Godnor South,The Gates,VS 4c,13
Godnor,Godnor South,Dusky Corner,VD,13
Godnor,Godnor South,Corner Direct,HS 4a,13
Godnor,Godnor South,The Oh-No Variant,E2 5b,13
Godnor,Godnor South,"Short, but Perfectly Formed",6a,13
Godnor,Godnor South,Big Slab Variant,4c,15
Godnor,Godnor South,Big Slab,VD,13
Godnor,Godnor South,Hammerhead,6b,13
Godnor,Godnor South,Crackers,VS 4a,13
Godnor,Godnor South,Lucid Dreaming,5a,13
Godnor,Godnor South,Time,6a+,13
Godnor,Godnor South,Phoenix Rising,5b,13
Godnor,Godnor South,Pekkie,5c,13
Godnor,Godnor South,Deepstar,5c,13
Godnor,Godnor South,Crow's Nest Corner,VD,13
Godnor,Godnor South,Loving the Moment,6a,13
Godnor,Godnor South,Crow's Nest Direct,HS,13
Godnor,Godnor South,Euphemism,6b,13
Godnor,Godnor South,Prisoners of Gravity,6b+,13
Godnor,Godnor South,Island in the Sun,6a,13
Godnor,Godnor South,The Punishment of Luxury,4c,13
Godnor,Godnor South,Dirty Crack,HS 4a,13
Godnor,Godnor South,Lumb Lane,3c,13
Godnor,Godnor South,Walmer Villas,4a,13
Godnor,Godnor South,Bohemian Romance,5b,13
Godnor,Godnor South,"Celia, the Dancer",6a+,13
Godnor,Godnor South,Hazey Jane,4c,13
Godnor,Godnor South,Ruby Tuesday,5b,13
Godnor,Godnor South,Godnor Buttress,M,13
Godnor,Godnor South,Monkey Business,VS 4c,13
Godnor,Godnor South,Defiance,S 4a,13
Godnor,Godnor South,Madcap,HVS,13
Godnor,Godnor South,Swingover,VS 5a,13
Godnor,Godnor South,Lucky Break,VS 4c,13
Godnor,Godnor South,Private World,6a,13
Godnor,Godnor South,Middleman,HVS 5a,13
Godnor,Godnor South,Stress Test,6a,13
Godnor,Godnor South,Hanging Crack,E1 5b,13
Godnor,Godnor South,The Castle,E2 5b,13
Godnor,Godnor South,Cable Slab,VS 4c,13
Godnor,Godnor North,Remember Blair Peach,HVS 4c,13
Godnor,Godnor North,Gi' It Laldy,6c,13
Godnor,Godnor North,Harpies and Quines,6b+,13
Godnor,Godnor North,Any Day Mike?,7b+,13
Godnor,Godnor North,"One Day, James",6b+,13
Godnor,Godnor North,Pathfinder,6b,13
Godnor,Godnor North,Snatch Squad,HS 4b,13
Godnor,Godnor North,Sidewinder,6a,13
Godnor,Godnor North,Dreamscape,6a,13
Godnor,Godnor North,Dreamscape Direct,6b+,13
Godnor,Godnor North,Ben,5a,13
Godnor,Godnor North,Willem,5a,13
Godnor,Godnor North,Jasper,5a,13
Godnor,Godnor North,Jody Sunshine,4c,13
Godnor,Godnor North,Wave Warrior,5a,13
Godnor,Godnor North,Wayne's Appy Ammer Drill,6a,13
Godnor,Godnor North,Valerie's Patio,3a,13
Godnor,Godnor North,Garden Party,6a,13
Godnor,Godnor North,Starbuck,6a,13
Godnor,Godnor North,Last Human,6c,13
Godnor,Godnor North,Tin Man,5c,13
Godnor,Godnor North,Wilderness of Mirrors,6a,13
Godnor,Godnor North,Rubber Truncheon,HS 4b,13
Godnor,Godnor North,Tombstone,3c,13
Godnor,Godnor North,The Shootist,6a,13
Godnor,Godnor North,Huckleberry,5c,13
Godnor,Godnor North,Where Silence Has Lease,6b+,15
Godnor,Godnor North,The Dorset Perro,7a,15
Godnor,Godnor North,The Dorset Perrito,6a+,15
Godnor,Godnor North,Wedding Daze,6b,15
Godnor,Godnor North,Future Imperfect,6a+,15
Godnor,Godnor North,Quality Street Traverse,5c,15
Godnor,Godnor North,Jacob's Ladder,5a,17
Godnor,Godnor North,The Truth is Out There,6b,17
Godnor,Godnor North,Resistance is Futile,7a+,15
Godnor,Godnor North,"Car Parts, Bottles and Cutlery",6b+,15
Godnor,Godnor North,Factor 15,6a+,13
Godnor,Godnor North,Net Asset,6a,13
Godnor,Godnor North,Kung Fu Panda,4c,13
Godnor,Godnor North,Nonnie and the Pulp Fiction Tantrum,5a,13
Godnor,Godnor North,Not Worth Bolting,VS 4c,13
Godnor,Godnor North,WWMD,6c+,13
Godnor,Godnor North,Helier,7a,13
Lighthouse Area,Warm-up Wall,Entirely at Your Own Risk,f5,
Lighthouse Area,Warm-up Wall,Liable to Give Way,f3,
Lighthouse Area,Warm-up Wall,No Liability,f5+,
Lighthouse Area,Warm-up Wall,Humping Dog Head,f6A,
Lighthouse Area,Warm-up Wall,The Signs of the Times,f5,
Lighthouse Area,Warm-up Wall,The Warning Signs Were There,f5+,
Lighthouse Area,Warm-up Wall,Early Warning Signs,f3,
Lighthouse Area,Warm-up Wall,Stinkmata,f6A,
Lighthouse Area,Warm-up Wall,Iron Curtains,f7A+,
Lighthouse Area,Warm-up Wall,Iron in the Soul,f7B+,
Lighthouse Area,Warm-up Wall,Curtain Twitcher,f6C,
Lighthouse Area,Warm-up Wall,Groove Left,f5+,
Lighthouse Area,Warm-up Wall,Groove Right,f5+,
Lighthouse Area,Warm-up Wall,Unblocked,f5+,
Lighthouse Area,Warm-up Wall,Writer's Block,f5+,
Lighthouse Area,Warm-up Wall,Block and Tackle,f4+,
Lighthouse Area,Warm-up Wall,Blockbuster,f5+,
Lighthouse Area,Warm-up Wall,Blockhead,f4,
Lighthouse Area,Warm-up Wall,Breeze Block,f4,
Lighthouse Area,Warm-up Wall,Jenga Master,f5+,
Lighthouse Area,Warm-up Wall,Road Block,f4,
Lighthouse Area,Pulpit Overhang,Flake Escape,f6A,
Lighthouse Area,Pulpit Overhang,Rock-over Prolapse,f6B+,
Lighthouse Area,Pulpit Overhang,Sunset Sessions,f4,
Lighthouse Area,Pulpit Overhang,Work Sucks,f4+,
Lighthouse Area,Pulpit Overhang,Earth Shadow,f6A,
Lighthouse Area,Pulpit Overhang,Analemma,f6B+,
Lighthouse Area,Pulpit Overhang,Azimuth,f5+,
Lighthouse Area,Pulpit Overhang,Winkle Picker,f7A,
Lighthouse Area,Pulpit Overhang,Pickled Finger,f6C,
Lighthouse Area,Pulpit Overhang,Winkle Picker Direct,f7B,
Lighthouse Area,Pulpit Overhang,Pickled Winky,f6C+,
Lighthouse Area,Pulpit Overhang,"Pickled Winky, Sit-start",f7A,
Lighthouse Area,Pulpit Overhang,Portland's Heel,f6A+,
Lighthouse Area,Pulpit Overhang,Forced Wide,f4,
Lighthouse Area,Pulpit Overhang,Easy Groove,f3,
Lighthouse Area,Pulpit Overhang,The Undateables,f6A,
Lighthouse Area,Pulpit Overhang,Date Night,f6C+,
Lighthouse Area,Pulpit Overhang,Double Date,f6C,
Lighthouse Area,Pulpit Overhang,Time Lapse,f6B,
Lighthouse Area,Pulpit Overhang,Flying Arête,f6A,
Lighthouse Area,Pulpit Overhang,Bent Pigeon,6c,
Lighthouse Area,Pulpit Overhang,Folded seagul,7a,
Lighthouse Area,Pulpit Overhang,Clarence,6c,
Lighthouse Area,Pulpit Overhang,Low balls traverse,5b,
Lighthouse Area,Pulpit Rock,Tombstonin',E3 6a,
Lighthouse Area,Pulpit Rock,End of the Land,E4 5c,
Lighthouse Area,Pulpit Rock,The God of Sleep,E1 5a,
Lighthouse Area,Pulpit Rock,Chymerie,HVS 4c,
Lighthouse Area,Pulpit Rock,Edge of Beyond,HVS 5c,
Lighthouse Area,Pulpit Rock,Bleating Nincompoops,4c,
Lighthouse Area,Pulpit Rock,Rapture of the Deep,HVS 5b,
Lighthouse Area,Pulpit Rock,Swirling Pool,HVS 5a,
Lighthouse Area,Undercut Buttress,Exhibitionism,f5,
Lighthouse Area,Undercut Buttress,A Public Spectacle,f4,
Lighthouse Area,Undercut Buttress,"Roll Up, Roll Up",f5+,
Lighthouse Area,Undercut Buttress,"Roll Up, Roll Up, Sit-start",f6A,
Lighthouse Area,Undercut Buttress,Don't Look Johnny,f4,
Lighthouse Area,Undercut Buttress,Tourist Attraction,f5,
Lighthouse Area,Undercut Buttress,Curtain Call,f4,
Lighthouse Area,Undercut Buttress,Back Stage,f6A,
Lighthouse Area,Undercut Buttress,Exit Stage Left,f6C,
Lighthouse Area,Undercut Buttress,Exit Stage Right,f6B+,
Lighthouse Area,Working Class Boulder,Working Class Man,f4+,
Lighthouse Area,Working Class Boulder,Twerking Class,f5,
Lighthouse Area,Working Class Boulder,Thin End of the Rock Pool,f5,
Lighthouse Area,Working Class Boulder,Supersonic,f6A,
Lighthouse Area,Working Class Boulder,Hypersonic,f6A,
Lighthouse Area,Working Class Boulder,Subsonic,f5,
Lighthouse Area,Swiss Cheese Wall,Cheese Slick,f5+,
Lighthouse Area,Swiss Cheese Wall,Many Tentacles Pimping on the Keys,f4+,
Lighthouse Area,Swiss Cheese Wall,Crackle,f3+,
Lighthouse Area,Swiss Cheese Wall,Pop,f3,
Lighthouse Area,Swiss Cheese Wall,Reblochon,f4,
Lighthouse Area,Swiss Cheese Wall,Emmentaler,f4+,
Lighthouse Area,Swiss Cheese Wall,Sbrinz,f3,
Lighthouse Area,Swiss Cheese Wall,Gruyère,f5,
Lighthouse Area,Swiss Cheese Wall,Schabziger,f6A,
Lighthouse Area,Swiss Cheese Wall,Appenzeller,f4+,
Lighthouse Area,Swiss Cheese Wall,Bündner Bergkäse,f5+,
Lighthouse Area,Swiss Cheese Wall,Mutschli,f5+,
Lighthouse Area,Swiss Cheese Wall,Raclette,f5+,
Lighthouse Area,Swiss Cheese Wall,Tête de Moine,f4+,
Lighthouse Area,Swiss Cheese Wall,Fribourgeois,f4+,
Lighthouse Area,Swiss Cheese Wall,Tilsiter,f3,
Lighthouse Area,Swiss Cheese Wall,Mont d'Or,f4+,
Lighthouse Area,Swiss Cheese Wall,Formaggini,f4+,
Lighthouse Area,Swiss Cheese Wall,Limburger,f3,
Lighthouse Area,Swiss Cheese Wall,Short but Gouda,f5+,
Lighthouse Area,Swiss Cheese Wall,Snap,f4,
Lighthouse Area,Obelisk Wall,Terror Tactics,f4+,
Lighthouse Area,Obelisk Wall,Kiss and Tell,f6A,
Lighthouse Area,Obelisk Wall,The Poxley Pocket,f6B,
Lighthouse Area,Obelisk Wall,Penny Lane,f4+,
Lighthouse Area,Obelisk Wall,Stake Through the Heart,f6A,
Lighthouse Area,Obelisk Wall,Ground Hogg Day,f6A,
Lighthouse Area,Obelisk Wall,Willow's Crack,f4+,
Lighthouse Area,Obelisk Wall,Angel Dust,f4+,
Lighthouse Area,Obelisk Wall,Batarang,f6A,
Lighthouse Area,Obelisk Wall,Buffy's Groove,f5,
Lighthouse Area,Obelisk Wall,Blade,f6B,
Lighthouse Area,Obelisk Wall,Vampire Killers,f5+,
Lighthouse Area,Obelisk Wall,Silver Bullet,f3,
Lighthouse Area,Obelisk Wall,Sea Spray,f4+,
Lighthouse Area,Obelisk Wall,Trinity Slab,f5,
Lighthouse Area,Obelisk Wall,Trinity Wall,f3,
Lighthouse Area,Obelisk Wall,Trinity Right-hand,f4+,
Lighthouse Area,Boulder Cove,Three Blind Spice,f6B,
Lighthouse Area,Boulder Cove,Old Spice,f6B+,
Lighthouse Area,Boulder Cove,"Old Spice, Sit-start",f6C,
Lighthouse Area,Boulder Cove,Five Spice,f6C,
Lighthouse Area,Boulder Cove,Twice as Spice,f6B,
Lighthouse Area,Boulder Cove,Spice Squad,f6A,
Lighthouse Area,Boulder Cove,Naughty but Spice,f5+,
Lighthouse Area,Boulder Cove,The Spice President,f5+,
Lighthouse Area,Boulder Cove,Of Spice and Men,f4,
Lighthouse Area,Boulder Cove,Sharpe's Gold,f4,
Lighthouse Area,Boulder Cove,Sharpe's Siege,f6C,
Lighthouse Area,Boulder Cove,Sharpe's Peril,f5+,
Lighthouse Area,Boulder Cove,"Sharpe's Peril, Sit-start",f6A+,
Lighthouse Area,Boulder Cove,Sharpe's Eagle,f5+,
Lighthouse Area,Boulder Cove,"Sharpe's Eagle, Sit-start",f6A+,
Lighthouse Area,Boulder Cove,Sharpe's Sword,f4,
Lighthouse Area,Boulder Cove,"Sharpe's Sword, Sit-start",f4+,
Lighthouse Area,Boulder Cove,Sharpe's Traverse,f6B,
Lighthouse Area,Promontory Roof,Promontory Arête,f4,
Lighthouse Area,Promontory Roof,Promontory Groove,f3,
Lighthouse Area,Promontory Roof,Little Roof,f4+,
Lighthouse Area,Promontory Roof,Riders on the Storm,f7C+,
Lighthouse Area,Promontory Roof,Like a dog without a bone,f8A,
Lighthouse Area,Promontory Roof,Storm Force,f8A,
Lighthouse Area,Promontory Roof,Devil Face,f7A,
Lighthouse Area,Promontory Roof,Devil Force,f7B+,
Lighthouse Area,Promontory Roof,Well Hung,f7B+,
Lighthouse Area,Promontory Roof,Children of Poseidon,f8A,
Lighthouse Area,Promontory Roof,Children of Poseidon Low Start,f8A,
Lighthouse Area,Promontory Roof,The Odyssey,f8A+,
Lighthouse Area,Promontory Roof,Hungover,f7B,
Lighthouse Area,Promontory Roof,Force Majeure,f7B,
Lighthouse Area,Promontory Roof,Hoffman's Procedure,f7A+,
Lighthouse Area,Promontory Roof,Hoffmajeure,f6C+,
Lighthouse Area,Promontory Roof,Promontory Corner,f4+,
Lighthouse Area,Promontory Roof,Promontory Flake,f5+,
Lighthouse Area,Promontory Roof,Promontory Slab,f5+,
Lighthouse Area,Promontory Roof,Forced procedure,f7B,
Lighthouse Area,Lighthouse Beach,Fraggle Rock,f3,
Lighthouse Area,Lighthouse Beach,Uncle Travelling Matt,f5+,
Lighthouse Area,Lighthouse Beach,Mokey Fraggle,f4,
Lighthouse Area,Lighthouse Beach,Boober Fraggle,f4+,
Lighthouse Area,Lighthouse Beach,Gobo Fraggle,f5,
Lighthouse Area,Lighthouse Beach,Wembley Fraggle,f5+,
Lighthouse Area,Lighthouse Beach,Red Fraggle,f4,
Lighthouse Area,Lighthouse Beach,Gnat's Chuff,f4+,
Lighthouse Area,Lighthouse Beach,Lighthouse Flake,f3,
Lighthouse Area,Lighthouse Beach,Indecision,f6A,
Lighthouse Area,Lighthouse Beach,"Indecision, Sit-start",f6B+,
Lighthouse Area,Lighthouse Beach,Cross Court,f6A,
Lighthouse Area,Lighthouse Beach,Foghorn Leghorn,f5+,
Lighthouse Area,Lighthouse Beach,"Foghorn Leghorn, Sit-start",f6C,
Lighthouse Area,Lighthouse Beach,Guiding Light,f5+,
Lighthouse Area,Lighthouse Beach,Keep Your Light On for Me,f5,
Lighthouse Area,Lighthouse Beach,Cold Light of Day,f4+,
Lighthouse Area,Lighthouse Beach,Light Club,f3,
Lighthouse Area,Lighthouse Beach,Miller Light,f3,
Lighthouse Area,Cafe Cove,Cheesy Chips,f5+,
Lighthouse Area,Cafe Cove,Carrot Soup,f6A,
Lighthouse Area,Cafe Cove,Ploughman's Groove,f4+,
Lighthouse Area,Cafe Cove,Clotted Cream,f4+,
Lighthouse Area,Cafe Cove,Cheese Board,f5+,
Lighthouse Area,Cafe Cove,Sunday Roast,f5,
Lighthouse Area,Cafe Cove,Light Bite,f5,
Lighthouse Area,Cafe Cove,Crab Sandwiches,f5+,
Lighthouse Area,Cafe Cove,Dorset Cream Tea,f5,
Lighthouse Area,Hidden Cove,Keep Your Anemones Closer,f6A,
Lighthouse Area,Hidden Cove,Sworn Anemone,f6C,
Lighthouse Area,Hidden Cove,Once More for the Camera,f5+,
Lighthouse Area,Hidden Cove,"Cut, It's a Wrap",f6A+,
Lighthouse Area,Hidden Cove,Champagne Breakfast,f4+,
Lighthouse Area,Hidden Cove,Low Bulge Traverse,f6B+,
Lighthouse Area,Hidden Cove,Sponsorship Scam,f4,
Lighthouse Area,Hidden Cove,Not Worth the Licence Fee,f5,
Lighthouse Area,Hidden Cove,Gone for Lunch,f4+,
Lighthouse Area,Hidden Cove,Cube Route,f6A,
Lighthouse Area,Hidden Cove,Mr Bicester,f7A+,
Lighthouse Area,Hidden Cove,Mrs Bicester,f6A,
Lighthouse Area,Hidden Cove,Mr and Mrs,f7A,
Lighthouse Area,Hidden Cove,Waste Pipe,f3,
Lighthouse Area,Hidden Cove,Skid Mark,f6A,
Lighthouse Area,Hidden Cove,Left Craven for More,f5+,
Lighthouse Area,Hidden Cove,Guru Pete,f5+,
Lighthouse Area,Hidden Cove,Warm-up Traverse,f4+,
Lighthouse Area,Hidden Cove,Youth of Today,f4+,
Lighthouse Area,Hidden Cove,Loaded Questions,f5+,
Lighthouse Area,Hidden Cove,Hip and Trendy,f5+,
Lighthouse Area,Hidden Cove,The Hidden Traverse,f6C+,
Lighthouse Area,Hidden Cove,The Hidden Wall,f6B+,
Lighthouse Area,Hidden Cove,The Hidden Niche,f6A+,
Lighthouse Area,Hidden Cove,The Hidden Link,f6B+,
Lighthouse Area,Hidden Cove,The Hidden Eliminate,f6B+,
Lighthouse Area,Hidden Cove,The Hidden Crack,f6B,
Lighthouse Area,Hidden Cove,The Hidden Groove,f5,
Lighthouse Area,Hidden Cove,The Hidden Escape,f5+,
Lighthouse Area,Hidden Cove,The Hidden Alternative,f6A,
Lighthouse Area,Hidden Cove,The Hidden Roof,f5+,
Lighthouse Area,Hidden Cove,The Hidden Jump,f5+,
Lighthouse Area,Hidden Cove,The Hidden Corner,f6A,
Lighthouse Area,Hidden Cove,Vitamin Sea,f7A,
Lighthouse Area,Hidden Cove,The Unhidden Flake,f5,
Lighthouse Area,Hidden Cove,The Unhidden Wall,f6A,
Lighthouse Area,Hidden Cove,The Scary Roof Traverse,f5+,
Lighthouse Area,Hidden Cove,Buffery's Nose,f5+,
Lighthouse Area,Hidden Cove,Country File,f4,
Lighthouse Area,Hidden Cove,Marsh Beauty,f5,
Lighthouse Area,Hidden Cove,Marshmallow,f4,
Lighthouse Area,Hidden Cove,Adams Triumph,f5+,
Lighthouse Area,Hidden Cove,Sweeten the Ocean,f6A+,
Lighthouse Area,Hidden Cove,Chicken Friable,f6B+,
Lighthouse Area,Hidden Cove,When push comes to shove ,f6B+,
Lighthouse Area,Barrel Zawn,Barrel Zawn Traverse,f7B,
Lighthouse Area,Barrel Zawn,Eranu,f7A,
Lighthouse Area,Barrel Zawn,Uvarvu,f7A+,
Lighthouse Area,Barrel Zawn,Barrel Roll,f7A,
Lighthouse Area,Barrel Zawn,Barrel Groove,f6C+,
Lighthouse Area,Barrel Zawn,Cooper Trooper,f6B+,
Lighthouse Area,Barrel Zawn,Half Measures,f6B+,
Lighthouse Area,Barrel Zawn,The Barrel,f7A,
Lighthouse Area,Barrel Zawn,Over a Barrel,f6B,
Lighthouse Area,Barrel Zawn,Under a Barrel,f6C+,
Lighthouse Area,Barrel Zawn,Rampline,f5+,
Lighthouse Area,Barrel Zawn,Corner Layback,f4+,
Lighthouse Area,Barrel Zawn,Deviant,f6B,
Lighthouse Area,Barrel Zawn,Hanging Slab,f5+,
Lighthouse Area,Barrel Zawn,Hanging Slab Right,f4+,
Lighthouse Area,Barrel Zawn,Corner Flake,f3+,
Lighthouse Area,Barrel Zawn,The Flake Escape,f6C,
Lighthouse Area,Barrel Zawn,Barrel Zawn Arête,f6C,
Lighthouse Area,Mugley's Plain,First Arête,f6A,
Lighthouse Area,Mugley's Plain,Mugley Duckling,f4+,
Lighthouse Area,Mugley's Plain,First Corner,f4,
Lighthouse Area,Mugley's Plain,Mugley's Slot,f4+,
Lighthouse Area,Mugley's Plain,Up and Over,f3,
Lighthouse Area,Mugley's Plain,Second Arête,f4,
Lighthouse Area,Mugley's Plain,"Second Arête, Sit-start",f5,
Lighthouse Area,Mugley's Plain,Second Arête Right,f4,
Lighthouse Area,Mugley's Plain,"Second Arête Right, Sit-start",f4+,
Lighthouse Area,Mugley's Plain,Rusty Wall,f4+,
Lighthouse Area,Mugley's Plain,"Rusty Wall, Sit-start",f5,
Lighthouse Area,Mugley's Plain,Classic Flake,f4,
Lighthouse Area,Mugley's Plain,Mugley's Scoop,f5+,
Lighthouse Area,Mugley's Plain,Descent Crack,f3,
Lighthouse Area,Mugley's Plain,"The Good, the Bad, and the Mugley",f5,
Lighthouse Area,Mugley's Plain,Second Corner,f5+,
Lighthouse Area,Mugley's Plain,Third Arête,f5,
Lighthouse Area,Mugley's Plain,Streaky Wall,f6A,
Lighthouse Area,Mugley's Plain,Mystery Bolt,f6A+,
Lighthouse Area,Mugley's Plain,Third Corner,f4,
Lighthouse Area,Mugley's Plain,Fourth Arête,f4,
Lighthouse Area,Mugley's Plain,"Fourth Arête, Sit-start",f5,
Lighthouse Area,Mugley's Plain,Central Slab,f3,
Lighthouse Area,Mugley's Plain,Fourth Corner,f3,
Lighthouse Area,Mugley's Plain,Fifth Arête,f3,
Lighthouse Area,Mugley's Plain,Mind the Gap,f5,
Lighthouse Area,Mugley's Plain,Mugley's Ramp,f5+,
Lighthouse Area,Mugley's Plain,"Mugley's Ramp, Sit-start",f6A,
Lighthouse Area,Mugley's Plain,Mugley's Crack,f4,
Lighthouse Area,Mugley's Plain,Layaways,f4+,
Lighthouse Area,Mugley's Plain,Mugley's Intermittent Flake,f4+,
Lighthouse Area,Mugley's Plain,Mugley's Big Flake,f4,
Lighthouse Area,Mugley's Plain,Head Flake,f4,
Lighthouse Area,Mugley's Plain,Fifth Corner,f3,
Lighthouse Area,Mugley's Plain,The Other Side,f6B+,
Lighthouse Area,Mugley's Plain,Sixth Arête,f6B+,
Lighthouse Area,Mugley's Plain,Sixth Corner,f3,
Lighthouse Area,Mugley's Plain,Mugley Betty,f5+,
Lighthouse Area,Mugley's Plain,Mugley's Flake,f3,
Lighthouse Area,Mugley's Plain,Flake Out,f4+,
Lighthouse Area,Mugley's Plain,CH Groove,f5+,
Lighthouse Area,Mugley's Plain,"CH Groove, Sit-start",f6A+,
Lighthouse Area,Mugley's Plain,Mugley's Rib,f6B+,
Lighthouse Area,Mugley's Plain,"Mugley's Rib, Sit-start",f6B+,
Lighthouse Area,Mugley's Plain,Mugley's Groove,f6A,
Lighthouse Area,Mugley's Plain,"Mugley's Groove, Sit-start",f6A,
Lighthouse Area,Mugley's Plain,High Edge,f5+,
Lighthouse Area,Mugley's Plain,"High Edge, Sit-start",f6B,
Lighthouse Area,Mugley's Plain,Mugley's Wall,f5+,
Lighthouse Area,Mugley's Plain,"Mugley's Wall, Sit-start",f6A,
Lighthouse Area,Mugley's Plain,The Reverse Mugley,f6B,
Lighthouse Area,Mugley's Plain,Mugley's Traverse,f6A,
Lighthouse Area,Mugley's Plain,Seventh Arête,f4,
Lighthouse Area,Mugley's Plain,Mugley Ugg,f4,
Lighthouse Area,Mugley's Plain,Eighth Arête,f5+,
Lighthouse Area,Mugley's Plain,Mugley As Sin,f3,
Lighthouse Area,Mugley's Plain,First and Last,f5,
Lighthouse Area,Deep Zawn,White Pony,6a,
Lighthouse Area,Deep Zawn,The World's Best Mono,E3 6b,
Lighthouse Area,Deep Zawn,Gaston,7b,
Lighthouse Area,Deep Zawn,Tea leaf,7a+,
Lighthouse Area,Deep Zawn,Salty Sea Dog,E4 6b,
Lighthouse Area,Deep Zawn,Everybody in the Plaice,E4,
Lighthouse Area,Deep Zawn,Sugar Daddy,E3 6a,
Lighthouse Area,Deep Zawn,All Things Being Relative,HVS 5b,
Lighthouse Area,Deep Zawn,Relativity,HVS 5b,
Lighthouse Area,Deep Zawn,Clarky The Sharky,HVS 5b,
Lighthouse Area,Deep Zawn,The Red Crane Traverse,VS 4c,
Lighthouse Area,Deep Zawn,Lobster pop,6c,
Lighthouse Area,Deep Zawn,Flakey,6c,
Lighthouse Area,Deep Zawn,Wall of Squares,VS 5a,
Lighthouse Area,Deep Zawn,Red Crane Wall,VS 5a,
Lighthouse Area,Deep Zawn,Flake Pop Arête,f5,
Lighthouse Area,Red Crane Wall,Red Crane Groove,f5,
Lighthouse Area,Red Crane Wall,"Red Crane Groove, Sit-start",f6A,
Lighthouse Area,Red Crane Wall,Red Crane Arête Left,f6B,
Lighthouse Area,Red Crane Wall,"Red Crane Arête Left, Sit-start",f6C+,
Lighthouse Area,Red Crane Wall,Red Crane Arête,f6A,
Lighthouse Area,Red Crane Wall,"Red Crane Arête, Sit-start",f6B+,
Lighthouse Area,Red Crane Wall,Red Crane Flake,f5+,
Lighthouse Area,Red Crane Wall,"Red Crane Flake, Sit-start",f6A,
Lighthouse Area,Red Crane Wall,Red Crane Eliminate,f6A,
Lighthouse Area,Red Crane Wall,"Red Crane Eliminate, Sit-start",f6B+,
Lighthouse Area,Red Crane Wall,Red Crane Corner,f3,
Lighthouse Area,Red Crane Wall,Red Crane Notch,f4+,
Lighthouse Area,Red Crane Wall,"Red Crane Notch, Sit-start",f5+,
Lighthouse Area,Red Crane Wall,No Notch,f5+,
Lighthouse Area,Red Crane Wall,"No Notch, Sit-start",f6A,
Lighthouse Area,Red Crane Wall,Red Crane Crack,f4+,
Lighthouse Area,Red Crane Wall,"Red Crane Crack, Sit-start",f5+,
Lighthouse Area,Red Crane Wall,Stepped Arête,f3,
Lighthouse Area,Red Crane Wall,"Stepped Arête, Sit-start",f4,
Lighthouse Area,Red Crane Wall,No Arête,f3,
Lighthouse Area,Red Crane Wall,"No Arête, Sit-start",f6A,
Lighthouse Area,Red Crane Wall,Wide Groove,f4,
Lighthouse Area,Red Crane Wall,"Wide Groove, Sit-start",f6A,
Lighthouse Area,Red Crane Wall,Right Wall,f6A,
Lighthouse Area,Red Crane Wall,"Right Wall, Sit-start",f6B+,
Lighthouse Area,Red Crane Wall,The Pacifier,f4+,
Lighthouse Area,Red Crane Wall,"The Pacifier, Sit-start",f6A,
Lighthouse Area,Red Crane Wall,Moment in Time,f3,
Lighthouse Area,Red Crane Wall,Chronostasis,f5,
Lighthouse Area,Red Crane Wall,Mania,f4+,
Lighthouse Area,Red Crane Wall,Dissociative Amnesia,f3,
Lighthouse Area,Red Crane Wall,Parallax Shift,f4+,
Lighthouse Area,Red Crane Wall,Temporal Vortex,f4,
Lighthouse Area,Red Crane Wall,On European Time,f3,
Lighthouse Area,Red Crane Wall,Losing Time,f3,
Lighthouse Area,Hardy's Corner,Slopey Traverse,f6A,
Lighthouse Area,Hardy's Corner,Left Wall Traverse,f6A+,
Lighthouse Area,Hardy's Corner,Full Traverse,f6B+,
Lighthouse Area,Hardy's Corner,Magic Carpet,f6A,
Lighthouse Area,Hardy's Corner,Ninety Degrees,f4+,
Lighthouse Area,Hardy's Corner,Set Square,f5+,
Lighthouse Area,Hardy's Corner,Le Crunch,f6A,
Lighthouse Area,Hardy's Corner,Hardy's Corner,f3,
Lighthouse Area,Hardy's Corner,Parallelism,f6A,
Lighthouse Area,Hardy's Corner,Pythagoras,f6A,
Lighthouse Area,Hardy's Corner,Hardy's Wall,f5,
Lighthouse Area,Hardy's Corner,Hardy's Crack,f4,
Lighthouse Area,Hardy's Corner,Brutal Hardy,f6B,
Lighthouse Area,Hardy's Corner,Hardy Laid Back,f6A+,
Lighthouse Area,Hardy's Corner,Melting Point,f5+,
Lighthouse Area,Hardy's Corner,Right Wall Traverse,f6B+,
Lighthouse Area,Little Zawn,Against the Clock,f5+,
Lighthouse Area,Little Zawn,The Key,f6A,
Lighthouse Area,Little Zawn,Meter Revenge,f6A+,
Lighthouse Area,Little Zawn,Zero Traction,f6A,
Lighthouse Area,Little Zawn,Amphidromic System,f6A,
Lighthouse Area,Little Zawn,Tide Line,f4+,
Lighthouse Area,Little Zawn,Storm Surge,f6B+,
Lighthouse Area,Little Zawn,Salt Water Intrusion,f5+,
Lighthouse Area,Little Zawn,Nadir,f6A+,
Lighthouse Area,Little Zawn,Zenith,f6A+,
Lighthouse Area,Little Zawn,Syzygy,f6A,
Lighthouse Area,Little Zawn,Apogee,f5+,
Lighthouse Area,Little Zawn,Perigee,f5+,
Lighthouse Area,Little Zawn,Ebb and Flow,f4,
Lighthouse Area,Sector Pom Pom,El Scorchio,6c,
Lighthouse Area,Sector Pom Pom,Maximum Grrr...,7b,
Lighthouse Area,Sector Pom Pom,The Favourite Game,VD,
Lighthouse Area,Sector Pom Pom,Beautiful Losers,VS 4c,
Lighthouse Area,Sector Pom Pom,L'eau Profile,7c,
Lighthouse Area,Sector Pom Pom,Private Dancer,6b,
Lighthouse Area,Sector Pom Pom,Jug City,4a,
Lighthouse Area,Sector Pom Pom,Jugalicious,3c,
Lighthouse Area,Sector Pom Pom,Matt's Dilemma,3a,
Lighthouse Area,Sector Pom Pom,Games Without Frontiers,4a,
Lighthouse Area,Sector Pom Pom,The Dog's Bollocks,6a,
Lighthouse Area,Sector Pom Pom,Time and Tide,4c,
Lighthouse Area,Sector Pom Pom,Unknown 3,6a,
Lighthouse Area,Pom Pom Beach,Nemean Lion,f4,
Lighthouse Area,Pom Pom Beach,Lernaean Hydra,f5+,
Lighthouse Area,Pom Pom Beach,Golden Hind of Artemis,f6A+,
Lighthouse Area,Pom Pom Beach,Erymanthian Boar,f5+,
Lighthouse Area,Pom Pom Beach,Augean Stables,f4+,
Lighthouse Area,Pom Pom Beach,Stymphalian Birds,f4+,
Lighthouse Area,Pom Pom Beach,Cretan Bull,f4+,
Lighthouse Area,Pom Pom Beach,Mares of Diomedes,f6A,
Lighthouse Area,Pom Pom Beach,Girdle of Hippolyta,f6A+,
Lighthouse Area,Pom Pom Beach,Geryon,f6A,
Lighthouse Area,Pom Pom Beach,Hesperides,f3,
Lighthouse Area,Pom Pom Beach,Cerberus,f4+,
Lighthouse Area,Pom Pom Beach,Thirty Years Young,E3 6b,
Lighthouse Area,Pom Pom Beach,Burbage Belle,7c,
Lighthouse Area,Pom Pom Beach,The Big Blue,7c+,
Lighthouse Area,Pom Pom Beach,Ninth Wave,7a+,
Lighthouse Area,Pom Pom Beach,Zimmerframe with Attitude,7c,
Lighthouse Area,Pom Pom Beach,The O'lympets,6c+,
Lighthouse Area,Pom Pom Beach,The Waveband,f7C,
Lighthouse Area,Pom Pom Beach,Honorary Froggatt,7b+,
Lighthouse Area,Pom Pom Beach,Pocketful of Shells,7b,
Lighthouse Area,Pom Pom Beach,A Girl of the Limberlost,6b,
Lighthouse Area,Pom Pom Beach,The Temptress,E1 5c,
Lighthouse Area,Pom Pom Beach,The Huts Have Eyes,6a+,
Lighthouse Area,Pom Pom Beach,Brocken Spectre,6a+,
Lighthouse Area,Pom Pom Beach,Flake Crack,D,
Lighthouse Area,Pom Pom Beach,The Walrus,6a+,
Lighthouse Area,Pom Pom Beach,Somewhere West of Laramie,6a+,
Lighthouse Area,Pom Pom Beach,Not in Kansas Anymore,6a+,
Lighthouse Area,Pom Pom Beach,Mermaid,D,
Lighthouse Area,Pom Pom Beach,Unknown,6c,
Lighthouse Area,Pom Pom Beach,Unknown 2,4c,
Lighthouse Area,Pom Pom Beach,Unknown 4,4c,
Neddyfields,Left-hand Cliff,The Sickness,6c,9
Neddyfields,Left-hand Cliff,Fifty-fifty,6c,9
Neddyfields,Left-hand Cliff,A Load of Pollocks,5a,9
Neddyfields,Left-hand Cliff,Pigs in Plasters,5c,9
Neddyfields,Left-hand Cliff,We'll Meet Again,5a,9
Neddyfields,Left-hand Cliff,Someone Else's Lunch,4b,9
Neddyfields,Left-hand Cliff,"Chickity China, the Chinese Chicken",3c,9
Neddyfields,Left-hand Cliff,Return of the Rice Bandit,6a,9
Neddyfields,Left-hand Cliff,Midday Massacre,5a,9
Neddyfields,Left-hand Cliff,La Fievre Spiteuse,5c,9
Neddyfields,Left-hand Cliff,Lucy's off the Wall,5a,9
Neddyfields,Left-hand Cliff,Nothing's Shocking,6a+,9
Neddyfields,Left-hand Cliff,First Contact,6b,9
Neddyfields,Left-hand Cliff,Brace Yourself Sheila,5a,9
Neddyfields,Main Cliff,Conquistadors of the Useless,6c,5
Neddyfields,Main Cliff,Small Object of Desire,6a+,6
Neddyfields,Main Cliff,"Annapurna, Mon Amour",6b,7
Neddyfields,Main Cliff,Runaway,6c,7
Neddyfields,Main Cliff,The Accelerator,7a,7
Neddyfields,Main Cliff,The Doppler Effect,6c,7
Neddyfields,Main Cliff,Born to Hunt,6c,8
Neddyfields,Main Cliff,Thick as Thieves,6c+,10
Neddyfields,Main Cliff,Sleeping Beauty,5b,17
Neddyfields,Main Cliff,Three in a Bed,6a,10
Neddyfields,Main Cliff,Frank's Effort,HS 4a,11
Neddyfields,Main Cliff,Steve's Wall,VS 4b,11
Neddyfields,Main Cliff,I wish I was in Steve's Shoes,5c,11
Neddyfields,Main Cliff,Felix Navidad,6a+,11
Neddyfields,Main Cliff,Infelicity,6a,11
Neddyfields,Main Cliff,Milly Vanilly,6a,11
Neddyfields,Main Cliff,Books Across the Sea,6a,11
Neddyfields,Main Cliff,Puppet Show of Memory,6a,11
Neddyfields,Main Cliff,The Holdo Manoeuvre,6a,17
Neddyfields,Main Cliff,Inertia,VS 4b,17
Neddyfields,Main Cliff,Damn These Electric Sex Pants,6b,17
Neddyfields,Main Cliff,Kate,6b+,17
Neddyfields,Main Cliff,Wonderlust,6b,17
Neddyfields,Main Cliff,Intimidation,E1 5b,17
Neddyfields,Main Cliff,Prestige Worldwide,6b,17
Neddyfields,Main Cliff,Shit Route,7a,17
Neddyfields,Main Cliff,Julie Ocean,6c+,17
Neddyfields,Main Cliff,Northern Invasion,7a,17
Neddyfields,Main Cliff,Bigus Dickus,6b,17
Neddyfields,Main Cliff,Lugwiler's Dismal Itch,6c,15
Neddyfields,Main Cliff,Ecosystem,6b+,15
Neddyfields,Main Cliff,Time of the Month,6b+,15
Neddyfields,Main Cliff,Inception,6a,15
Neddyfields,Main Cliff,The Screwfix Escourt Agency,6a+,15
Neddyfields,Main Cliff,Jungle VIP,5c,16
Neddyfields,Main Cliff,The Scoop,S 4a,16
Neddyfields,Main Cliff,New Toys,3c,16
Neddyfields,Main Cliff,Better Things,HS 4a,17
Neddyfields,Main Cliff,Ocean Boulevard,4c,17
Neddyfields,Main Cliff,Outside Left Arête,4b,17
Neddyfields,Main Cliff,Outside Left,S 4a,17
Neddyfields,Main Cliff,Crush with Eyeliner,5b,12
Neddyfields,Main Cliff,Bundle of Joy,4a,12
Neddyfields,Main Cliff,Sunday Rake,S 4a,12
Neddyfields,Main Cliff,Spider Cracks,HVS 5a,12
Neddyfields,Main Cliff,The Wilsonator,6b,12
Neddyfields,Main Cliff,Jobby's Leaving Gift,5b,12
Neddyfields,Main Cliff,Joe Stole My Route,5b,8
Neddyfields,Main Cliff,Butterfly Crack,S 4a,8
Neddyfields,Neddyfields Bouldering Wall,Foreboding,f6A,
Neddyfields,Neddyfields Bouldering Wall,Hari-kiri,f6B+,
Neddyfields,Neddyfields Bouldering Wall,Psycho,f6B+,
Neddyfields,Neddyfields Bouldering Wall,Bearing All,f6A,
Neddyfields,Neddyfields Bouldering Wall,Great Bear,f5+,
Neddyfields,Neddyfields Bouldering Wall,Little Bear,f4+,
Neddyfields,Neddyfields Bouldering Wall,Shtinkenminkenguffenpuffs,f6C+,
Neddyfields,Neddyfields Bouldering Wall,"Shtinkenminkenguffenpuffs, Sit-start",f7A+,
Neddyfields,Neddyfields Bouldering Wall,Solar Stone,f7A+,
Neddyfields,Neddyfields Bouldering Wall,Discretional Sin,f7C,
Neddyfields,Neddyfields Bouldering Wall,Indian Summer,f6B,
Neddyfields,Neddyfields Bouldering Wall,Totem Pole,f4+,
Neddyfields,Neddyfields Bouldering Wall,Papoose,f6A,
Neddyfields,Neddyfields Bouldering Wall,Papoose (crack only),V4,
Neddyfields,Neddyfields Bouldering Wall,Wampum,f6C,
Neddyfields,Neddyfields Bouldering Wall,Vacillate,f6B+,
Neddyfields,Neddyfields Bouldering Wall,Jimbo's Wall,f7B,
Neddyfields,Neddyfields Bouldering Wall,Jimbo's Right-hand,f7B,
Neddyfields,Neddyfields Bouldering Wall,Pock Mark,f7A+,
Neddyfields,Neddyfields Bouldering Wall,Prosthesis,f6B,
Neddyfields,Neddyfields Bouldering Wall,"Prosthesis, Sit-start",f6C,
Neddyfields,Neddyfields Bouldering Wall,Colossus,f6B+,
Neddyfields,Neddyfields Bouldering Wall,"Colossus, Sit-start",f6C+,
Neddyfields,Neddyfields Bouldering Wall,Stoic Existence,f6B+,
Neddyfields,Neddyfields Bouldering Wall,Fontanel,f7A,
Neddyfields,Neddyfields Bouldering Wall,Pete's Groove,f7A,
Neddyfields,Neddyfields Bouldering Wall,The Flake,f6A,
Neddyfields,Neddyfields Bouldering Wall,"The Flake, Sit-start",f6A+,
Neddyfields,Neddyfields Bouldering Wall,Flake Out,f6B,
Neddyfields,Neddyfields Bouldering Wall,"Flake Out, Sit-start",f6B+,
Neddyfields,Neddyfields Bouldering Wall,Local People,f7A,
Neddyfields,Neddyfields Bouldering Wall,Taming the Flow,f6B,
Neddyfields,Neddyfields Bouldering Wall,Fountain of Youth,f5+,
Neddyfields,Neddyfields Bouldering Wall,Stolid,f4,
Neddyfields,Neddyfields Bouldering Wall,Stopcock,f4+,
Neddyfields,Neddyfields Bouldering Wall,Protozoa,f3+,
Neddyfields,Neddyfields Bouldering Wall,Amoeba State,f5+,
Neddyfields,Neddyfields Bouldering Wall,The Arête Eliminate,f6A,
Neddyfields,Neddyfields Bouldering Wall,The Arête,f6A+,
Neddyfields,Neddyfields Bouldering Wall,Savage Traverse,f7A+,
Neddyfields,Neddyfields Bouldering Wall,The Arête Direct,f6C,
Neddyfields,Neddyfields Bouldering Wall,Ripples,f6A,
Neddyfields,Neddyfields Bouldering Wall,"Ripples, Sit-start",f6B+,
Neddyfields,Neddyfields Bouldering Wall,Razor,f6C+,
Neddyfields,Neddyfields Bouldering Wall,"Razor, Sit-start",f7A,
Neddyfields,Neddyfields Bouldering Wall,Pete's Rib,f6C+,
Neddyfields,Neddyfields Bouldering Wall,"Pete's Rib, Sit-start",f7A,
Neddyfields,Neddyfields Bouldering Wall,Stairway Direct,f6A+,
Neddyfields,Neddyfields Bouldering Wall,Stairway,f5+,
Neddyfields,Neddyfields Bouldering Wall,Touched by God,f7A+,
Neddyfields,Neddyfields Bouldering Wall,Chocolate Orange,f7B,
Neddyfields,Neddyfields Bouldering Wall,The Crack,f5,
Neddyfields,Neddyfields Bouldering Wall,Janus,f7A,
Neddyfields,Neddyfields Bouldering Wall,Quick Step,f5,
Neddyfields,Neddyfields Bouldering Wall,The Mantel Piece,f4+,
Neddyfields,Neddyfields Bouldering Wall,Close Encounters,f7A+,
Neddyfields,Neddyfields Bouldering Wall,Jimbo's Dyno,f7A,
Neddyfields,Neddyfields Bouldering Wall,The Groove,f6B+,
Neddyfields,Neddyfields Bouldering Wall,The Groove Eliminate,f6C,
Neddyfields,Neddyfields Bouldering Wall,Straight and Narrow,f6B+,
Neddyfields,Neddyfields Bouldering Wall,"Straight and Narrow, Sit-start",f6C+,
Neddyfields,Neddyfields Bouldering Wall,Diversion,f6A,
Neddyfields,Neddyfields Bouldering Wall,"Diversion, Sit-start",f6C,
Neddyfields,Neddyfields Bouldering Wall,Gorkin Flip,f6C,
Neddyfields,Neddyfields Bouldering Wall,The Pod,f5,
Neddyfields,Neddyfields Bouldering Wall,The Pod Escape,f4+,
Neddyfields,Neddyfields Bouldering Wall,Pod Escape Direct,f4+,
Neddyfields,Neddyfields Bouldering Wall,Before Records Began,f5+,
Neddyfields,Neddyfields Bouldering Wall,Prior to 1974,f6A+,
Neddyfields,Neddyfields Bouldering Wall,After 1974,f5,
Neddyfields,Neddyfields Bouldering Wall,JP Flake,f4+,
Neddyfields,Neddyfields Bouldering Wall,One Hold,f5+,
Neddyfields,Neddyfields Bouldering Wall,Getting Wet In June,f6A,
Neddyfields,Neddyfields Bouldering Wall,Many Dates in History,f5+,
Neddyfields,Neddyfields Bouldering Wall,Snatch and Grab,f6A,
Neddyfields,Neddyfields Bouldering Wall,Mick Told Me To,f5,
Neddyfields,Neddyfields Bouldering Wall,Disenchanted,f6C+,
Neddyfields,Cheyne House Quarry,Wax Work,f6B,
Neddyfields,Cheyne House Quarry,Candle Wax,f6B+,
Neddyfields,Cheyne House Quarry,Bees Wax,f6B,
Neddyfields,Cheyne House Quarry,Cortaderia Selloana,f3,
Neddyfields,Cheyne House Quarry,Upper Tier Ramp,f4,
Neddyfields,Cheyne House Quarry,Upper Tier Direct,f5+,
Neddyfields,Cheyne House Quarry,Blunt Arête,f5+,
Neddyfields,Cheyne House Quarry,Sharp Arête,f4+,
Neddyfields,Cheyne House Quarry,Scruffy Corner,f4,
Neddyfields,Cheyne House Quarry,Scruffy Crack,f5+,
Neddyfields,Cheyne House Quarry,Scruffy Wall,f6A,
Neddyfields,Cheyne House Quarry,Jurassic Crack,f5+,
Neddyfields,Cheyne House Quarry,Fallen Block Flake,f5+,
Neddyfields,Cheyne House Quarry,With Four Strong Men,f6B+,
Neddyfields,Cheyne House Quarry,Fallen Block Wall,f6A,
Neddyfields,Cheyne House Quarry,Mantel Shot,f5+,
Neddyfields,Cheyne House Quarry,Stray Shot,f5+,
Neddyfields,Cheyne House Quarry,Shot Gun,f5+,
Neddyfields,Cheyne House Quarry,Long Shot,f6A,
Neddyfields,Cheyne House Quarry,Last Shot,f6A,
Neddyfields,Cheyne House Quarry,Crack Shot Left,f4,
Neddyfields,Cheyne House Quarry,Crack Shot Right,f5+,
Neddyfields,Cheyne House Quarry,Lower Tier Ramp,f4+,
Neddyfields,Cheyne House Quarry,No Pedestal,f5+,
Neddyfields,Cheyne House Quarry,Cheyne House Ramp,f4+,
Neddyfields,Cheyne House Quarry,Little Cheyne Flake,f3,
Neddyfields,Cheyne House Quarry,Little Cheyne Wall,f4,
Neddyfields,Cheyne House Quarry,Dave’s Block,f5,
Neddyfields,Cheyne House Quarry,Apple-Bobbing,f2+,
Neddyfields,Cheyne House Quarry,A 2am Pissing Contest,f3,
The Cuttings,Cuttings Main Cliff,"Eat, Stick and Die",3a,7
The Cuttings,Cuttings Main Cliff,We're Only Placing Bolts for Nigel,3b,7
The Cuttings,Cuttings Main Cliff,Choose Your Own Adventure,5c,7
The Cuttings,Cuttings Main Cliff,Cheese and Pickle,5a,7
The Cuttings,Cuttings Main Cliff,Parsnip Soup,5b,7
The Cuttings,Cuttings Main Cliff,Corporal Punishment,5a,7
The Cuttings,Cuttings Main Cliff,On Manoeuvres,3b,7
The Cuttings,Cuttings Main Cliff,Arc Angel,3a,7
The Cuttings,Cuttings Main Cliff,Charity Work Mate,3a,8
The Cuttings,Cuttings Main Cliff,Magical Misty Tour,4a,8
The Cuttings,Cuttings Main Cliff,Bonsai,3c,8
The Cuttings,Cuttings Main Cliff,Sting in the Tail,6a,8
The Cuttings,Cuttings Main Cliff,Baron's Revenge,3c,8
The Cuttings,Cuttings Main Cliff,Chicken Boy,3c,8
The Cuttings,Cuttings Main Cliff,Tantrums and Tiaras,4a,8
The Cuttings,Cuttings Main Cliff,Sean,4c,8
The Cuttings,Cuttings Main Cliff,100 Sunny Days,3c,8
The Cuttings,Cuttings Main Cliff,Juggernaut,5b,12
The Cuttings,Cuttings Main Cliff,Rock Lobster,5a,12
The Cuttings,Cuttings Main Cliff,Amazonia,4c,12
The Cuttings,Cuttings Main Cliff,The Great Hamburger Disaster,5a,12
The Cuttings,Cuttings Main Cliff,Definitely Maybe,6a+,12
The Cuttings,Cuttings Main Cliff,Little Chef,5c,12
The Cuttings,Cuttings Main Cliff,Little Sod,6b,12
The Cuttings,Cuttings Main Cliff,The Sod,6a,12
The Cuttings,Cuttings Main Cliff,Lup Dup,6a+,12
The Cuttings,Cuttings Main Cliff,Mindmeld,7a+,12
The Cuttings,Cuttings Main Cliff,Sign of the Vulcan,7b+,12
The Cuttings,Cuttings Main Cliff,Hillman the Hunter,6b+,12
The Cuttings,Cuttings Main Cliff,Hole in the Wall,E1 5c,12
The Cuttings,Cuttings Main Cliff,Flying Peach,6b,12
The Cuttings,Cuttings Main Cliff,Grapefruit Takes a Whipper,6a+,12
The Cuttings,Cuttings Main Cliff,Princess and the Pea,6b+,12
The Cuttings,Cuttings Main Cliff,Pillow Talk,6c,12
The Cuttings,Cuttings Main Cliff,Died in Your Arms,6c,15
The Cuttings,Cuttings Main Cliff,The Cutting Edge,6c+,15
The Cuttings,Cuttings Main Cliff,Dumbfounded,7b,15
The Cuttings,Cuttings Main Cliff,The Mermaid,7a,15
The Cuttings,Cuttings Main Cliff,Chalkie and the Hex 5,5c,15
The Cuttings,Cuttings Main Cliff,The Ramp,5a,15
The Cuttings,Cuttings Main Cliff,Lusty Wedlock Needs Coil of Prevention,7b+,15
The Cuttings,Cuttings Main Cliff,Rusty Chubblock Needs Oil of Lubrication,7c,15
The Cuttings,Cuttings Main Cliff,Evening Mistress,6b,15
The Cuttings,Cuttings Main Cliff,Men Behaving Badly,7a+,15
The Cuttings,Cuttings Main Cliff,Amen Corner,5a,15
The Cuttings,Cuttings Main Cliff,Mousefolk,6c,18
The Cuttings,Cuttings Main Cliff,Too Many Cooks Spoil the Broth,6b,18
The Cuttings,Cuttings Main Cliff,Jam,4c,18
The Cuttings,Cuttings Main Cliff,The Mantelist,6b,18
The Cuttings,Cuttings Main Cliff,Chips with Everything,5a,18
The Cuttings,Cuttings Main Cliff,Quality Family Day,4c,18
The Cuttings,Cuttings Main Cliff,Dignity,5c,18
The Cuttings,Cuttings Main Cliff,True Love,6b+,18
The Cuttings,Cuttings Main Cliff,Bridget Riley,6b+,18
The Cuttings,Cuttings Main Cliff,The Mind Terrorist,8a,18
The Cuttings,Cuttings Main Cliff,Knockout Punch,7b+,18
The Cuttings,Cuttings Main Cliff,Spicer,E2 5c,18
The Cuttings,Cuttings Main Cliff,Spicer Direct,6b,18
The Cuttings,Cuttings Main Cliff,Levitation By Proxy,6c,18
The Cuttings,Cuttings Main Cliff,That Divine Chill,6b,18
The Cuttings,Cuttings Main Cliff,That Chill Divine,E2 6a,18
The Cuttings,Cuttings Main Cliff,Finesse,7a,18
The Cuttings,Cuttings Main Cliff,Hidden Treasure,6a,18
The Cuttings,Cuttings Main Cliff,Kestrel,VS 4c,18
The Cuttings,Cuttings Main Cliff,Looking for Love,6b,18
The Cuttings,Cuttings Main Cliff,Dee,HS 4b,18
The Cuttings,Cuttings Main Cliff,Bob Hunkhouse,f7A+,20
The Cuttings,Cuttings Main Cliff,Blowing the Gimp,7a+,20
The Cuttings,Cuttings Main Cliff,The Sears Tower,7b+,20
The Cuttings,Cuttings Main Cliff,The Holy Hand Grenade,7a,20
The Cuttings,Cuttings Main Cliff,Brief Encounter,6b,20
The Cuttings,Cuttings Main Cliff,Chasing Highs,7b+,20
The Cuttings,Cuttings Main Cliff,Infernal Din,7b+,20
The Cuttings,Cuttings Main Cliff,European Flavour,6b,20
The Cuttings,Cuttings Main Cliff,Gourmet,6b,20
The Cuttings,Cuttings Main Cliff,Europe Endless,6c,20
The Cuttings,Cuttings Main Cliff,The Breathing Method,8a,20
The Cuttings,Cuttings Main Cliff,Hall of Mirrors,7c,20
The Cuttings,Cuttings Main Cliff,Want Out,7b+,20
The Cuttings,Cuttings Main Cliff,New Saladin,6c,20
The Cuttings,Cuttings Main Cliff,Hurricane on a Millpond,8a,20
The Cuttings,Cuttings Main Cliff,Consommé,6a+,20
The Cuttings,Cuttings Main Cliff,Marti Chef,7b,20
The Cuttings,Cuttings Main Cliff,Haute Cuisine,7a+,20
The Cuttings,Cuttings Main Cliff,The Mouth Waters,7a+,20
The Cuttings,Cuttings Main Cliff,Two Fingers,6a,20
The Cuttings,Cuttings Main Cliff,Three Fingers,6a,20
The Cuttings,Cuttings Main Cliff,"So Long, Marianne",6c,20
The Cuttings,Cuttings Main Cliff,Opus,5a,20
The Cuttings,Cuttings Main Cliff,Rusty the Redneck Takes One for the Team,6a+,20
The Cuttings,Cuttings Main Cliff,Perihelion,6b+,20
The Cuttings,Cuttings Main Cliff,Disobedience Contest,6b,20
The Cuttings,Cuttings Main Cliff,The Potting Shed,6a,20
The Cuttings,Cuttings Main Cliff,Rules is Rules,6b+,20
The Cuttings,Cuttings Main Cliff,Wallflower,VS 4c,20
The Cuttings,Cuttings Main Cliff,Live is Life,6b+,20
The Cuttings,Cuttings Main Cliff,Old Buffer,6b,20
The Cuttings,Cuttings Main Cliff,Live by the Sword,7a+,20
The Cuttings,Cuttings Main Cliff,Another Notch in the Gun,6b,20
The Cuttings,Cuttings Main Cliff,Figgy Dropwise,6c+,20
The Cuttings,Cuttings Main Cliff,For Michèle,6a,20
The Cuttings,Cuttings Main Cliff,Dusty Fred's Winter Collection,6c,20
The Cuttings,Cuttings Main Cliff,Ectomorph,6a,20
The Cuttings,Cuttings Main Cliff,"Rock On, Ian",6a+,20
The Cuttings,Cuttings Main Cliff,Aperitif,5c,20
The Cuttings,Cuttings Main Cliff,Hors d'Oeuvres,E1 5c,20
The Cuttings,Cuttings Main Cliff,Unknown Arête,7a+,20
The Cuttings,Cuttings Main Cliff,The Bournemouth Flyer,6b,20
The Cuttings,Cuttings Main Cliff,Nightmare Scenario,7c,20
The Cuttings,Cuttings Main Cliff,Modern Nightmare,7a,20
The Cuttings,Cuttings Main Cliff,Bad Dream,E4 6a,20
The Cuttings,Cuttings Main Cliff,Fighting Torque,8a,20
The Cuttings,Cuttings Main Cliff,Under Duress,8a,20
The Cuttings,Cuttings Main Cliff,Under Duress Right Groove Variation,7b+,20
The Cuttings,Cuttings Main Cliff,Shiver Me Timbers,7a,20
The Cuttings,Cuttings Main Cliff,Gaudin Peace,7b,20
The Cuttings,Cuttings Main Cliff,"Weird Shit, Keep Drilling",6b+,20
The Cuttings,Cuttings Main Cliff,Keep Portland Weird,6a+,20
The Cuttings,Cuttings Main Cliff,Keep Portland Weirder,6c,20
The Cuttings,Cuttings Main Cliff,The Cutting Edge Direct,7a,20
The Cuttings,Cuttings Main Cliff,Let's Go Climbing,5c,20
The Cuttings,The Dell,Sjambok the Skelem,4c,7
The Cuttings,The Dell,The Naughty Corner,4b,8
The Cuttings,The Dell,West of Vanity Fare,6b,9
The Cuttings,The Dell,Hot Flush,E1 5c,9
The Cuttings,The Dell,Xerdna,VS 4c,8
The Cuttings,The Dell,Hot Fuzz,5c,8
The Cuttings,The Dell,Don't Bring Your Mum,2a,6
The Cuttings,Rain Shadow Wall,Rain Shadow 1,f5+,
The Cuttings,Rain Shadow Wall,Rain Shadow 2,f4,
The Cuttings,Rain Shadow Wall,Rain Shadow 3,f4,
The Cuttings,Rain Shadow Wall,Rain Shadow 4,f5+,
The Cuttings,Rain Shadow Wall,Rain Shadow 5,f6A,
The Cuttings,Rain Shadow Wall,Rain Shadow 6,f3,
The Cuttings,Rain Shadow Wall,Rain Shadow 7,f5+,
The Cuttings,Rain Shadow Wall,Rain Shadow 8,f4,
The Cuttings,Rain Shadow Wall,Rain Shadow 9,f5,
The Cuttings,Rain Shadow Wall,Emma's Traverse,f5+,
The Cuttings,The Bower,All Bowered Out,6a,
The Cuttings,The Bower,Whispering Gallery,2c,
The Cuttings,The Bower,Queen of the New Year,3a,
The Cuttings,The Bower,Sun Trap,3a,
The Cuttings,The Bower,The Bumper Fun Book,4a,
The Cuttings,The Bower,Tinkerbell,6a,
The Cuttings,The Bower,Far From The Madding Crowd,5c,
The Cuttings,The Bower,Six Finger Exercise,6b+,
The Cuttings,The Bower,Godbeams,4c,
The Cuttings,The Bower,Ladybower,3a,
The Cuttings,The Bower,50!,3b,
The Cuttings,The Bower,25!,4a,
The Cuttings,The Bower,Underbower,5c,
The Cuttings,The Bower,Like-minded Folk,6a,
The Cuttings,The Bower,Voices in the Bower,3c,
The Cuttings,The Bower,Up the Junction,6b,
The Cuttings,The Bower,Round the Bend,6b+,
The Cuttings,The Bower,Winter Sun,6a,
The Cuttings,The Bower,Time Out of Mind,5c,
The Cuttings,The Bower,Voices in the Mind,5c,
The Cuttings,The Bower,Giant's Ladder,5a,
The Cuttings,The Bower,Voice of the Lost,4c,
The Cuttings,The Bower,Phonewrecker,6a,
The Cuttings,The Bower,99,6a,
The Cuttings,Ope Slab,Doris Does Trad,M,
The Cuttings,Ope Slab,Snaking Crack,D,
The Cuttings,Ope Slab,Polly Wolly Doodle,D,
The Cuttings,Ope Slab,Wings of Reason,VD,
The Cuttings,Ope Slab,Life on the Edge,D,
The Cuttings,Ope Slab,A Day Trip with Deepstar,M,
The Cuttings,Crazy Paving Slabs,Bumlovers,VS 4c,
The Cuttings,Crazy Paving Slabs,Hourglass Slab,VS 4b,
The Cuttings,Crazy Paving Slabs,Chockstone Crack,S,
The Cuttings,Crazy Paving Slabs,Crazy Paving Slab,D,
The Cuttings,Sunlovers Slab,Come on Eileen,6a+,9
The Cuttings,Sunlovers Slab,Grand Tour,6a+,9
The Cuttings,Sunlovers Slab,Sun Bloc,6c+,9
The Cuttings,Sunlovers Slab,Boys Will Be Girls,6c,9
The Cuttings,Sunlovers Slab,Shockwave,5c,9
The Cuttings,Sunlovers Slab,Sunlover,6a,9
The Cuttings,Sunlovers Slab,The Portland Crowd,5c,9
The Cuttings,The Ditch,Rock Logs,6b+,
The Cuttings,The Ditch,Gold Dust,7b,
The Cuttings,The Ditch,Ditch the Bitch,7a,
The Cuttings,The Ditch,Pitch in the Ditch,6a+,
The Cuttings,The Ditch,The Dump Pump,6a,
The Cuttings,The Ditch,This Shit's Something,6c+,
Wallsend North,So Hardcore Area,Left Little Slapper,7b+,7
Wallsend North,So Hardcore Area,Right Little Slapper,7a+,7
Wallsend North,So Hardcore Area,Short Slutty Slab,6b,7
Wallsend North,So Hardcore Area,The Black Vegetable,5c,7
Wallsend North,So Hardcore Area,The Dogging Spot,6c,7
Wallsend North,So Hardcore Area,Pearl Necklace,6b,7
Wallsend North,So Hardcore Area,Passing Bi,6a+,7
Wallsend North,So Hardcore Area,One Bolt Ward,7b,7
Wallsend North,So Hardcore Area,They Walked in Line,7b,7
Wallsend North,So Hardcore Area,So Hardcore,7c,7
Wallsend North,So Hardcore Area,Layback Chimney,HS 4b,7
Wallsend North,Underland,Riddle of the Sands,6a,8
Wallsend North,Underland,Zinderneuf,4c,8
Wallsend North,Underland,Love Song,6a,8
Wallsend North,Underland,"Faith, Hop and Charity",6a,8
Wallsend North,Underland,Short 'n Sexy,6a,8
Wallsend North,Underland,Riding the Dinosaur,2c,8
Wallsend North,Underland,Wish You Were Here,4c,8
Wallsend North,Underland,Bright as a Box of Birds,6a,8
Wallsend North,Underland,Where Did It All Go Right?,6a+,8
Wallsend North,Underland,Balancing Act,6a,8
Wallsend North,Underland,You Can't Hold No Pocket if You Ain't Got No Groove,6a,8
Wallsend North,Underland,"Mind the Oranges, Marlon",6b,8
Wallsend North,Underland,Rising Damp,5a,8
Wallsend North,Underland,The Curse of a Vivid Mind,6a,8
Wallsend North,Unsung Area,Updraft,5a,6
Wallsend North,Unsung Area,The Gods Are Angry,4c,6
Wallsend North,Unsung Area,Summer Lightning,6b+,6
Wallsend North,Unsung Area,Here Comes The Rain Again,5c,6
Wallsend North,Unsung Area,Captain's Log,6b+,7
Wallsend North,Unsung Area,Voracious Animal of the Weasel Family,3b,7
Wallsend North,Unsung Area,The Sixteen Dollar Man,6b+,7
Wallsend North,Unsung Area,Heart Stoppingly Brutal,4c,7
Wallsend North,Unsung Area,Dodo's Delight,6b,9
Wallsend North,Unsung Area,RP Screamers,7a,11
Wallsend North,Unsung Area,Alpenglow,7a+,13
Wallsend North,Unsung Area,Topsy Turvy Land,7b,13
Wallsend North,Unsung Area,Magnificent 7,7b+,13
Wallsend North,Unsung Area,Weakest to the Wall,7b,13
Wallsend North,Unsung Area,Compromise,7b+,13
Wallsend North,Unsung Area,Resisting Mutiny,7c+,13
Wallsend North,Unsung Area,The Right Mix,7a+,13
Wallsend North,Unsung Area,Portsea Road,7a,13
Wallsend North,Unsung Area,Never Lose that Feeling,6b,13
Wallsend North,Unsung Area,Sing Something Simple,6c+,13
Wallsend North,Unsung Area,Unsung,6b,13
Wallsend North,Unsung Area,"Come In Alone, Go Out Alone",6b,13
Wallsend North,Unsung Area,Dodo's Revenge,7a,13
Wallsend North,Unsung Area,No Soft Option,7b,13
Wallsend North,Unsung Area,Dial-a-Cliché,6c+,13
Wallsend North,Unsung Area,The Web,6b,13
Wallsend North,Unsung Area,Can't Stop the Bosch,6b+,13
Wallsend North,Unsung Area,Smug Mode Enabled,6b,8
Wallsend North,Unsung Area,Sergeant Ford's Roving Truncheon,E3 6a,13
Wallsend North,Unsung Area,Mr Angry,VS 4b,13
Wallsend North,Unsung Area,Twistin' My Melon Man,E2 6a,13
Wallsend North,Acid Jazz Area,Memories from the Fort,6c+,18
Wallsend North,Acid Jazz Area,Screaming Toilet Fish,E1 5c,18
Wallsend North,Acid Jazz Area,The Price of Potatoes,HVS 5a,18
Wallsend North,Acid Jazz Area,The Contortionist,7a+,18
Wallsend North,Acid Jazz Area,Sniper in the Brain,7a,18
Wallsend North,Acid Jazz Area,Holding the Zero,7a,18
Wallsend North,Acid Jazz Area,Stay on Target,7a,18
Wallsend North,Acid Jazz Area,Dead Man's Click,7a,18
Wallsend North,Acid Jazz Area,Eternity's Toothpaste,VS 4c,20
Wallsend North,Acid Jazz Area,Old Painless,7a+,20
Wallsend North,Acid Jazz Area,Useless Generation,7b,20
Wallsend North,Acid Jazz Area,My Love of this Land,7b,20
Wallsend North,Acid Jazz Area,Treachery,7a+,20
Wallsend North,Acid Jazz Area,Going Blank Again,7b,20
Wallsend North,Acid Jazz Area,The Treacle Factory,6a+,20
Wallsend North,Acid Jazz Area,Alberta Balsam,7a,25
Wallsend North,Acid Jazz Area,Montreal Protocol,7b,25
Wallsend North,Acid Jazz Area,Cosa Nostra,6a+,25
Wallsend North,Acid Jazz Area,Acid Jazz Disco,7a,25
Wallsend North,Acid Jazz Area,Eight-Bar Blues,6c+,25
Wallsend North,Teenage Lust Area,Precious to the Last,7c,15
Wallsend North,Teenage Lust Area,Ecstasy,7a+,15
Wallsend North,Teenage Lust Area,"Live Now, Pay Later",7a+,15
Wallsend North,Teenage Lust Area,John Craven's Jumper Contest,6c,15
Wallsend North,Teenage Lust Area,The Watchmaker's Hands,7c,18
Wallsend North,Teenage Lust Area,Breakfast of Champions,7b+,18
Wallsend North,Teenage Lust Area,Youth Body Expression Explosion,7b,20
Wallsend North,Teenage Lust Area,To Hungary For Love,8a,20
Wallsend North,Teenage Lust Area,So Shoot Me,7a+,20
Wallsend North,Teenage Lust Area,Lolita,7b+,26
Wallsend North,Teenage Lust Area,Teenage Lust,7b+,26
Wallsend North,The Rampart,Miss Jones,3c,11
Wallsend North,The Rampart,Ledge Shufflers Delight,6c,11
Wallsend North,The Rampart,Guardians of Fate,5c,11
Wallsend North,The Rampart,The Highwayman,6b,11
Wallsend North,The Rampart,Winter is the New Summer,6b+,11
Wallsend North,The Rampart,Band of Pain,7a+,11
Wallsend North,The Rampart,Excerpt from a Teenage Opera,6a,11
Wallsend North,The Rampart,Like Tears in Rain,6c,11
Wallsend North,The Rampart,Whiter Shade of  Pale,6c,11
Wallsend North,The Rampart,Love Street,7a,11
Wallsend North,The Rampart,The Crystal Ship,6a,11
Wallsend North,The Rampart,Waiting for the Sun,6a,11
Wallsend North,The Rampart,Black Slab,6b+,11
Wallsend North,The Rampart,Justin Credible,6a,11
Wallsend North,The Rampart,The Devil Came Down to Portland,6b+,11
Wallsend North,Seaside Slab,Up the Apples and Pears,2c,9
Wallsend North,Seaside Slab,Sylvia Sunset,2c,9
Wallsend North,Seaside Slab,Magnum Farce,2c,9
Wallsend North,Seaside Slab,Easy Like a Sunday Morning,2c,9
Wallsend North,Sweet Smell of Success Area,My Dog's Got Fleas,7b+,20
Wallsend North,Sweet Smell of Success Area,Poop Scoop,6c,20
Wallsend North,Sweet Smell of Success Area,Yikes Shaggy,6c,20
Wallsend North,Sweet Smell of Success Area,Pixie and the Milford Powerhouse,6a,20
Wallsend North,Sweet Smell of Success Area,Scoobydoobydoo,6b,20
Wallsend North,Sweet Smell of Success Area,Scooby Snacks,7a,20
Wallsend North,Sweet Smell of Success Area,The Craic,6a,20
Wallsend North,Sweet Smell of Success Area,Breakfast at Wendy’s,6a,20
Wallsend North,Sweet Smell of Success Area,The Heanous Quest,6a+,20
Wallsend North,Sweet Smell of Success Area,Hen's Tooth,7b,20
Wallsend North,Sweet Smell of Success Area,The Gold Rush,8a,20
Wallsend North,Sweet Smell of Success Area,Sang Froid,7c,20
Wallsend North,Sweet Smell of Success Area,So You Want to Be Happy,7a+,20
Wallsend North,Sweet Smell of Success Area,Up on the Hill,7a,20
Wallsend North,Sweet Smell of Success Area,Hallelujah,7a,20
Wallsend North,Sweet Smell of Success Area,Old Speckled Hen,7a,20
Wallsend North,Sweet Smell of Success Area,Stone Cold Sober,7b,20
Wallsend North,Sweet Smell of Success Area,Stay Golden,7b,20
Wallsend North,Sweet Smell of Success Area,Sweet Smell of Success,7b,20
Wallsend North,Sweet Smell of Success Area,Frazzled,7b,20
Wallsend North,Sweet Smell of Success Area,Streaky,6c+,20
Wallsend North,Sweet Smell of Success Area,Das Boot,6c+,20
Wallsend North,Bladerunner Area,Falling with Style,6b+,22
Wallsend North,Bladerunner Area,Screw You Hippy,6a,22
Wallsend North,Bladerunner Area,Tanya's Sex Pot,6a+,22
Wallsend North,Bladerunner Area,Gay Dog,6a+,22
Wallsend North,Bladerunner Area,Layback and Take It,6a,22
Wallsend North,Bladerunner Area,"Blackwind, Fire and Steel",6b+,22
Wallsend North,Bladerunner Area,"Beefcake, Beefcake",6a,22
Wallsend North,Bladerunner Area,Jungle Drums,6c+,22
Wallsend North,Bladerunner Area,Aaron the Aardvark,6b+,22
Wallsend North,Bladerunner Area,Bladerunner,6b+,22
Wallsend North,Downhill Spiral Area,Fatal Fibre,6c+,12
Wallsend North,Downhill Spiral Area,Billy Bob's Way,6b+,12
Wallsend North,Downhill Spiral Area,The Man Who Wasn't There,7b,15
Wallsend North,Downhill Spiral Area,Hate Crime,7a+,19
Wallsend North,Downhill Spiral Area,Lefty Hoot 'n' Annie,6c,20
Wallsend North,Downhill Spiral Area,And the Boot Sails By,7a,20
Wallsend North,Downhill Spiral Area,Downhill Spiral,7b+,20
Wallsend North,Downhill Spiral Area,Everything's Eventual,6c+,18
Wallsend North,Downhill Spiral Area,By Mistake,7b+,18
Wallsend North,Downhill Spiral Area,More Than a Legend,7b+,18
Wallsend North,Downhill Spiral Area,Under Crimson Skies,7a+,18
Wallsend North,Downhill Spiral Area,My Figure Head,6c,20
Wallsend North,Downhill Spiral Area,The Shipping News,7b,20
Wallsend North,Downhill Spiral Area,Five Easy Pieces,6c,18
Wallsend North,Downhill Spiral Area,Laid Black,6c+,18
Wallsend North,Downhill Spiral Area,Wonderful,7a+,18
Wallsend North,Downhill Spiral Area,Wonder-Bra,6b,18
Wallsend South,The Bigger Piece Area,Slice of Life (Trad),E2 5b,30
Wallsend South,The Bigger Piece Area,Slice of Life,6b,30
Wallsend South,The Bigger Piece Area,The Bigger Piece,7a+,30
Wallsend South,The Bigger Piece Area,No Place for Mambas,6b,30
Wallsend South,The Bigger Piece Area,Opposites Attract,6c,30
Wallsend South,The Bigger Piece Area,Mick Lovatt Stole My Trousers,6b+,30
Wallsend South,The Bigger Piece Area,Femme Fatale,6c,30
Wallsend South,The Bigger Piece Area,Cool to be Uncool,7b+,10
Wallsend South,The Bigger Piece Area,Coconut Milk,7a+,20
Wallsend South,The Bigger Piece Area,On a Desert Island Beach,7a+,20
Wallsend South,The Bigger Piece Area,Vin Chaud,7a,20
Wallsend South,The Bigger Piece Area,Accordions Go Crazy,6b+,20
Wallsend South,The Bigger Piece Area,Basrah Blues Band,6c,20
Wallsend South,The Bigger Piece Area,Laughing Peter,7a+,20
Wallsend South,The Bigger Piece Area,Sans Frontière,6b+,20
Wallsend South,The Bigger Piece Area,"Charlton Mackeral, the World's Strongest Fish",6c,20
Wallsend South,Mr. Natural Area,Parkhurst Dozen,6c,18
Wallsend South,Mr. Natural Area,Sang Chaud,7a+,18
Wallsend South,Mr. Natural Area,Son of Mustang Ford,7a,18
Wallsend South,Mr. Natural Area,Mr. Natural,7b+,18
Wallsend South,Mr. Natural Area,Catatonic,6b+,25
Wallsend South,Mr. Natural Area,Random Texter,6b+,30
Wallsend South,Mr. Natural Area,Gravity Epiphany,6c+,30
Wallsend South,Mr. Natural Area,Family,VS,30
Wallsend South,Mr. Natural Area,"Moan, Moan, Moan",7b+,22
Wallsend South,Mr. Natural Area,Injury Encyclopaedia,7b,22
Wallsend South,Realm of Chaos Area,Will,7b,29
Wallsend South,Realm of Chaos Area,Michèle,6a+,29
Wallsend South,Realm of Chaos Area,Shape of Tomorrow,6c,29
Wallsend South,Realm of Chaos Area,River of Dreams,7a,29
Wallsend South,Realm of Chaos Area,Spinal Tap,7b+,29
Wallsend South,Realm of Chaos Area,Cloud Atlas,7b+,29
Wallsend South,Realm of Chaos Area,Million Watt Marshalls,7b+,29
Wallsend South,Realm of Chaos Area,Ariane V,7b,29
Wallsend South,Realm of Chaos Area,Disintegration,7b+,29
Wallsend South,Realm of Chaos Area,Zum Zeaux,7b+,29
Wallsend South,Realm of Chaos Area,Magnetic Pull,8a,29
Wallsend South,Realm of Chaos Area,Realm of Chaos,7b+,29
Wallsend South,Realm of Chaos Area,Hombre Solaire,7c,29
Wallsend South,Realm of Chaos Area,Face the Truth,7c,29
Wallsend South,Realm of Chaos Area,A Shadow on Mankind,7b+,29
Wallsend South,Realm of Chaos Area,Saskatchewan Uranium Miner,7c,29
Wallsend South,Realm of Chaos Area,Troll Team Special,7a+,29
Wallsend South,Realm of Chaos Area,The Pickford Files,7b+,29
Wallsend South,Realm of Chaos Area,Breakbeat,7b+,29
Wallsend South,Realm of Chaos Area,The Mask,7b,29
Wallsend South,Realm of Chaos Area,Trent Reznor,7b+,29
Wallsend South,Realm of Chaos Area,Kraken,HVS,29
Wallsend South,Realm of Chaos Area,Bevis,6b,29
Wallsend South,Realm of Chaos Area,Moonfleet,6b+,29
Wallsend South,Realm of Chaos Area,Divine Madness,E1 5b,29
Wallsend South,Realm of Chaos Area,Gossip and Drool,7b,22
Wallsend South,Realm of Chaos Area,Heat-stroke Groove,6c+,22
Wallsend South,Realm of Chaos Area,Summer Babe,7b+,22
Wallsend South,The Enchanted Path Area,Eternal Peace,6c,30
Wallsend South,The Enchanted Path Area,Dark Play,6b,30
Wallsend South,The Enchanted Path Area,Lacerations,VS,30
Wallsend South,The Enchanted Path Area,The Bog Man,6b+,30
Wallsend South,The Enchanted Path Area,Garstang,6c+,30
Wallsend South,The Enchanted Path Area,Boulder Crack,HVS 5a,30
Wallsend South,The Enchanted Path Area,Shibumi,7a,30
Wallsend South,The Enchanted Path Area,Slave State,7b+,30
Wallsend South,The Enchanted Path Area,Ferocity,VS 4c,30
Wallsend South,The Enchanted Path Area,Child of Light,6c+,30
Wallsend South,The Enchanted Path Area,Immaculata,6c,30
Wallsend South,The Enchanted Path Area,The Watchman,6b,30
Wallsend South,The Enchanted Path Area,Waiting for the Barbarians,6b+,30
Wallsend South,The Enchanted Path Area,Peace in the Nineties,6b+,30
Wallsend South,The Enchanted Path Area,Some Velvet Morning,7a,30
Wallsend South,The Enchanted Path Area,Enchanted Path,6c,30
Wallsend South,The Enchanted Path Area,Once Upon a Time in the West,6c,30
Wallsend South,The Enchanted Path Area,Best Fingers Forward,6c+,30
Wallsend South,The Enchanted Path Area,Blue Faced Booby,6c,30
Wallsend South,The Enchanted Path Area,Wallsend Wall,E1,30
Wallsend South,Trad Free World Area,The Gash,VS 4c,30
Wallsend South,Trad Free World Area,Tea Cakes Calling,7a,30
Wallsend South,Trad Free World Area,The Jewel of the Isle,6b+,30
Wallsend South,Trad Free World Area,Stalker's Zone,6a+,30
Wallsend South,Trad Free World Area,Trad Free World,6b,30
Wallsend South,Trad Free World Area,Genuflection,7b,30
Wallsend South,Trad Free World Area,Reverence,7a+,30
Wallsend South,Trad Free World Area,Outside the Gate,7b,30
Wallsend South,Trad Free World Area,Halfway to Heaven,7b,30
Wallsend South,Trad Free World Area,Straight to Hell,7b+,30
Wallsend South,Trad Free World Area,Organic Snail Farming,7b,30
Wallsend South,Trad Free World Area,Wave Graffiti,7b+,30
Wallsend South,Trad Free World Area,Hawaiian Pipeline,7b,30
Wallsend South,Trad Free World Area,Running Down a Dream,7b,30
Wallsend South,Trad Free World Area,My Two Left Feet,7c+,30
Wallsend South,Trad Free World Area,Bob's Gold Run,7a+,30
Wallsend South,Trad Free World Area,McKenna's Cleft,VS 4c,30
Wallsend South,Trad Free World Area,Queen of a Distant Country,6b+,30
Wallsend South,Trad Free World Area,Delta of Venus,6b+,30
Wallsend South,Trad Free World Area,Fleshworld,7b+,30
Wallsend South,Trad Free World Area,Colors,7b+,30
Wallsend South,Trad Free World Area,Olympus Mons,7b,30
Wallsend South,Trad Free World Area,White Unconquerable,6b+,30
Wallsend South,Trad Free World Area,Gedge,6b+,30
Wallsend South,Trad Free World Area,Black'll do Nicely,7a+,30
Wallsend South,Trad Free World Area,The Worm,VS,30
Wallsend South,Trad Free World Area,The Empire State Arête,6b+,30
Wallsend South,Trad Free World Area,Dogtown Skate Team,7b,30
Wallsend South,Trad Free World Area,Rush,7c,30
Wallsend South,Trad Free World Area,Beautiful South,7c+,30
Wallsend South,Trad Free World Area,Tarquill's Trollies,6c,30
Wallsend South,Trad Free World Area,Flipper's Revenge,7b,30
Wallsend South,Trad Free World Area,Walking on Sunshine,7a,30
Wallsend South,Trad Free World Area,No Victory In Europe,6c,30
Wallsend South,Hong Kong Phooey Area,Sea Saga,HVS 5a,22
Wallsend South,Hong Kong Phooey Area,Critical Mass,6b,22
Wallsend South,Hong Kong Phooey Area,Rapid Response,7a,22
Wallsend South,Hong Kong Phooey Area,Chert Noble,7a+,22
Wallsend South,Hong Kong Phooey Area,End of the Pier,E2 5a,22
Wallsend South,Hong Kong Phooey Area,Face in the Chert,6a,22
Wallsend South,Hong Kong Phooey Area,Glamour Cat,6b,22
Wallsend South,Hong Kong Phooey Area,1789,7a,22
Wallsend South,Hong Kong Phooey Area,The Bad Seeds,7b,22
Wallsend South,Hong Kong Phooey Area,Magical Mr. Mephistopheles,6c,22
Wallsend South,Hong Kong Phooey Area,Clacichew,6b,22
Wallsend South,Hong Kong Phooey Area,Calcite Compliment,6c,22
Wallsend South,Hong Kong Phooey Area,Jazz It Up,7a+,15
Wallsend South,Hong Kong Phooey Area,Razzamatazz,7b,15
Wallsend South,Hong Kong Phooey Area,We are Stardust,4a,22
Wallsend South,Hong Kong Phooey Area,We are Golden,6a+,22
Wallsend South,Hong Kong Phooey Area,Stylus,HVS 5a,22
Wallsend South,Hong Kong Phooey Area,The Great Pretender,6c+,25
Wallsend South,Hong Kong Phooey Area,After the Gold Rush,E2 5c,25
Wallsend South,Hong Kong Phooey Area,Totally FOO to You,6c,25
Wallsend South,Hong Kong Phooey Area,A Perfect Afternoon,6b+,25
Wallsend South,Hong Kong Phooey Area,Half-Way House,HS 4a,25
Wallsend South,Hong Kong Phooey Area,Tunnel Vision,7b+,25
Wallsend South,Hong Kong Phooey Area,Hong Kong Phooey,7c,25
Wallsend South,Hong Kong Phooey Area,Doolittle,6b+,25
Wallsend South,Hong Kong Phooey Area,Jane Says,6b+,25
Wallsend South,Hong Kong Phooey Area,Relax,6b+,25
White Hole,Memories Zawn Area,Second Attention,6c+,
White Hole,Memories Zawn Area,Crossing the Boundaries of Affection,7a+,
White Hole,Memories Zawn Area,Kinaesthesia,7a+,
White Hole,Memories Zawn Area,Intricacies of Dreaming,7b,
White Hole,Memories Zawn Area,Memories,6a+,
White Hole,Memories Zawn Area,DYCA,6a+,
White Hole,Memories Zawn Area,"Hung, Swung and Zawned Out",E2 5b,
White Hole,Memories Zawn Area,Paraphilias,E5 6a,
White Hole,Memories Zawn Area,Aphasia,E3 5b,
White Hole,Memories Zawn Area,The Drill Sergeant,6c+,
White Hole,Memories Zawn Area,Until the End of Man,7a,
White Hole,Memories Zawn Area,Karate Kid,6a+,
White Hole,Memories Zawn Area,"Bar, Bar, Black Sheep",6c+,
White Hole,Memories Zawn Area,Excalibur's Edge,6b+,
White Hole,Memories Zawn Area,The Labyrinth,7b,
White Hole,Memories Zawn Area,One Life,7b,
White Hole,Memories Zawn Area,Faceache,7b,
White Hole,Memories Zawn Area,The Code Breaker and the French Teacher,7a+,
White Hole,Memories Zawn Area,Obscene Gesture (Part 2),7a+,
White Hole,Memories Zawn Area,The Skin Trade,7a+,
White Hole,Mirthmaid Zawn Area,Sad Young Biscuits,7a+,
White Hole,Mirthmaid Zawn Area,Dead in Europe,7a+,
White Hole,Mirthmaid Zawn Area,Splendid Isolation,6c,
White Hole,Mirthmaid Zawn Area,Just for a Day,E4 6a,
White Hole,Mirthmaid Zawn Area,Gav's Long Link-up,E3 5c,
White Hole,Mirthmaid Zawn Area,Mirthmaid,7a+,
White Hole,Mirthmaid Zawn Area,Nightmirth,7c,
White Hole,Mirthmaid Zawn Area,Sister of Night,E5 6b,
White Hole,Mirthmaid Zawn Area,Any Last Requests?,E4 5c,
White Hole,Mirthmaid Zawn Area,Spanish Air,E3 5b,
White Hole,Mirthmaid Zawn Area,Tiny Smiles,7a+,
White Hole,Mirthmaid Zawn Area,Totally Stoked,HVS 5a,
White Hole,Mirthmaid Zawn Area,Pedriza,E3 5c,
White Hole,Mirthmaid Zawn Area,Siurana,E2 5b,
White Hole,Mirthmaid Zawn Area,"Get Some Air, Fatso!",E1 5b,
White Hole,Mirthmaid Zawn Area,On With the Games,E3 6a,
White Hole,Mirthmaid Zawn Area,Unnamed,E3 5c,
White Hole,Mirthmaid Zawn Area,True to the Game,E3 6a,
White Hole,Mirthmaid Zawn Area,Dragon's Lair,VS 4a,
White Hole,Mirthmaid Zawn Area,Chorro,E2 5c,
White Hole,Mirthmaid Zawn Area,Penon,E2 5c,
White Hole,Mirthmaid Zawn Area,Sella,E2 6a,
White Hole,South Cliff,Evening Delight,4a,
White Hole,South Cliff,Song of the Sea,5c,
White Hole,South Cliff,Balance of Power,8a,
White Hole,South Cliff,The Pipers of Portland,6c,
White Hole,South Cliff,Funnel Web,6b,
White Hole,South Cliff,End of Season Sale,6b,
White Hole,South Cliff,The Reign of Steel,6b+,
White Hole,South Cliff,Red Raw,7a+,
White Hole,South Cliff,Tickled Pink,7c,
White Hole,South Cliff,Wafer Thin,6b,
White Hole,South Cliff,"Run, Rabbit, Run",6b+,
White Hole,South Cliff,Staple Diet,6b,
White Hole,South Cliff,Painted Lady,6a+,
White Hole,South Cliff,The Feather,6c,
White Hole,South Cliff,Rust Never Sleeps,6a,
White Hole,South Cliff,The Cruel Sea,5c,
White Hole,South Cliff,Adonis Blue,6b+,
White Hole,South Cliff,Chalk-hill Blue,6a+,
White Hole,White Hole Bouldering,Different Souls,f5,
White Hole,White Hole Bouldering,Crack of Doom,f6C,
White Hole,White Hole Bouldering,Vert Ramp,f6B+,
White Hole,White Hole Bouldering,Raised Beatch,f6A+,
White Hole,White Hole Bouldering,White Hole Slab,f6A,
White Hole,White Hole Bouldering,Portland Dirt Bed,f4,
White Hole,White Hole Bouldering,Cherty Freshwater Member,f6A,
White Hole,White Hole Bouldering,Toe Poke,f6C+,
White Hole,White Hole Bouldering,White Hole Arête,f5+,
White Hole,White Hole Bouldering,Six Strings Attatched,f5+,
